Aaliyah,1
Abbey,9
Abbie,2
Abby,4
Abigail,1
Abii,1
Adela,1
Adele,1
Adriana,1
Aikaterina,1
Aimee,2
Ainsley,1
Alaiyah,1
Alana,9
Alannah,2
Aleesha,1
Aleisha,2
Alessandra,2
Alessandria,1
Alessia,1
Alexa-rose,1
Alexandra,17
Alexia,1
Alexis,1
Alia,2
Alice,3
Alicia,5
Alisa,3
Alisha,2
Alison,1
Alissa,2
Alivia,1
Aliza,1
Allegra,1
Alysha,2
Alyssa,3
Amalia,1
Amaya,1
Amber,11
Ambrosia,1
Amelia,5
Amelie,1
Amy,15
Anari,1
Anastasia,1
Andie,1
Andrea,1
Aneka,1
Angelica,2
Angelina,1
Angie,1
Anika,1
Anita,1
Anna,1
Annabel,4
Annabella,1
Annabelle,4
Annalise,2
Anneliese,1
Annika,1
Anthea,1
April,6
Arabella,3
Arki,1
Asha,1
Ashlee,1
Ashleigh,4
Ashlie,1
Aurora,1
Ava,2
Ayla,1
Bailee,3
Belinda,1
Bella,2
Beth,1
Bethanie,1
Bethany,5
Bianca,5
Breana,1
Bree,1
Breeanne,1
Breony,1
Brianna,7
Bridget,4
Brielle,1
Brigette,1
Brigitte,1
Briley,1
Briony,1
Bronte,1
Brooke,11
Brooklyn,3
Brydee,1
Caitlin,16
Caitlyn,1
Callie,1
Cambell,1
Caresse,1
Carla,2
Carly,2
Carmen,1
Cassandra,3
Cassidy,1
Catherine,3
Channing,1
Chantelle,2
Charlee,1
Charli,1
Charlize,1
Charlotte,17
Chelsea,12
Chelsie,1
Cheree,1
Chevonne,1
Cheyenne,1
Chloe,23
Christina,1
Claire,3
Claudia,3
Clodagh,1
Corie,1
Courtney,5
Crystal,1
Daniella,2
Danielle,5
Danika,1
Darcie,1
Dayna,1
Delaney,1
Demie,1
Desi,1
Destynii,1
Diamond,1
Domenique,1
Eboni,1
Ebonie,1
Ebony,7
Elana,1
Eleanor,1
Eleni,1
Elise,1
Elisha,1
Eliza,7
Elizabeth,3
Ella,15
Elle,1
Ellen,3
Elli,1
Ellie,4
Ellorah,1
Ellouise,1
Elly,3
Eloise,1
Elysse,1
Emalene,1
Emerson,1
Emiily,48
Emma,16
Emmerson,1
Erin,14
Esme,1
Esther,1
Eva,2
Evangelia,1
Faith,1
Felicity,3
Fiona,1
Freya,2
Fyynlay,1
Gabriella,1
Gabrielle,4
Gemaley,1
Gemma,1
Genevieve,1
Georgia,19
Georgina,1
Giaan,1
Gillian,1
Giorgia,1
Giuliana,1
Grace,7
Gracie,2
Hana,1
Hanna,1
Hannah,17
Harriet,4
Hattie,1
Haylee,1
Hayley,7
Heather,1
Helena,1
Hollie,1
Holly,14
Imogen,9
India,2
Indiana,2
Indyana,1
Irene,1
Isabel,1
Isabella,28
Isabelle,9
Isobel,1
Jacinta,3
Jacqueline,4
Jacynta,1
Jade,9
Jaime,2
Jaimee,1
Jamilla,1
Jaslyn,1
Jasmin,1
Jasmine,9
Jasmyn,2
Jayme,1
Jazz,1
Jemima,1
Jemma,3
Jenna,4
Jennifer,1
Jessica,25
Jessie,1
Jinni,1
Joanna,1
Jordyn,1
Jorja,1
Joselyn,1
Josephine,2
Julia,5
Juliana,3
Kaela,1
Kailey,2
Kaitlin,4
Kaitlyn,2
Kalli,1
Kallie,1
Karissa,1
Karla,1
Karlee,1
Karli,2
Kasey,1
Kate,3
Katelin,2
Katelyn,6
Katharine,1
Katherine,1
Kathleen,1
Katie,2
Kayla,5
Kaysey,1
Keahley,1
Keeley,2
Keelin,1
Keely,2
Keira,1
Kelsea,1
Kelsey,3
Kelsy,1
Kelsye,1
Keziah,1
Kiana,2
Kiandra,1
Kiara,2
Kiarnee,1
Kiera,2
Kierra,1
Kimberley,1
Kimberly,1
Kira,2
Kiria,1
Kirra,5
Kirrah,1
Koula,1
Kristen,2
Kristin,1
Krystin,1
Kyah,1
Kylee,3
Kylie,1
Kyra,1
Lacey,1
Laetitia,1
Laklynn,1
Lani,1
Lara,7
Larissa,2
Laura,5
Lauren,15
Layla,2
Leah,3
Lexie,1
Lia,1
Liana,1
Libby,1
Lilian,1
Lillian,1
Lillianna,1
Lilly,1
Lily,14
Livia,1
Louise,2
Lucinda,1
Lucy,13
Lushia,1
Lydia,1
Lynae,1
Macey,1
Mackenzi,1
Macy,1
Madalyn,1
Maddison,4
Madeleine,6
Madeline,8
Madelyn,1
Madison,16
Maggie,1
Makayla,2
Makenzi,1
Makenzie,1
Maliah,1
Maria,1
Marianne,1
Marlee,1
Marleigh,1
Marley,1
Mary,1
Mathilde,1
Matilda,4
Matisse,2
Maya,3
Meagan,1
Meg,3
Megan,3
Meggie,1
Melanie,1
Melinda,1
Melissa,1
Mhary,1
Mia,12
Micaela,1
Michaela,3
Michelle,1
Mikaela,2
Mikayla,6
Mikhaili,1
Mikhayla,2
Mila,1
Millie,1
Miranda,1
Mollie,1
Molly,5
Monique,4
Montana,4
Montanna,1
Morgan,1
Mya,1
Mystique,1
Nacoya,1
Naomi,4
Nasyah,1
Natalee,1
Natalia,3
Natalie,1
Natasha,2
Natassia,1
Nell,1
Nellie,1
Nemesia,1
Neneh,1
Neve,1
Niamh,1
Nicola,1
Nicole,2
Nikita,2
Nikki,2
Olivia,18
Pace,1
Paige,4
Pakita,1
Paris,3
Pascale,1
Peta,1
Petreece,1
Peyton,1
Phoebe,5
Pia,1
Polly,1
Portia,1
Prudence,1
Rachael,1
Rachel,7
Raquel,1
Rebecca,4
Rebekah,2
Reegan,1
Reganne,1
Renai,1
Renee,2
Rhiannon,1
Roberta,1
Roisin,1
Rosa,1
Rosie,3
Ruby,14
Ryleh,1
Saara,1
Samantha,12
Samara,1
Sana,1
Sara,3
Sara-louise,1
Sarah,17
Sarsha,1
Sascha,2
Saskia,1
Savannah,1
Schkirra,1
Seanna,1
Serena,1
Shae,1
Shai,2
Shakira,1
Shakirah,1
Shana,1
Shanaye,1
Shandril,1
Shantal,1
Shelbey,1
Shelby,2
Shenae,1
Shona,1
Sian,1
Sidonie,1
Sienna,3
Simone,2
Skye,1
Sonja,2
Sophie,30
Stella,1
Stephanie,10
Summer,1
Sybella,1
Sylvie,1
Taalia,1
Tabitha,1
Tahlia,4
Tahnee,1
Tahni,1
Takara,1
Takeisha,1
Talena,1
Talia,6
Taliah,3
Talissa,1
Talyah,1
Tansy,1
Tanyshah,1
Tara,10
Tarnee,1
Tarnia,1
Tarshya,1
Tayah,2
Tayla,2
Taylah,7
Taylor,3
Taylor-saige,1
Teagan,3
Teaha,1
Teal,1
Teegan,1
Tegan,1
Teileah,1
Teneille,1
Tenille,1
Teresa,1
Tess,2
Tia,1
Tiahana,1
Tiahnee,1
Tiana,3
Tiarna,3
Tiffany,1
Timara,1
Tori,1
Trinity,1
Tuscany,1
Tylah,1
Vanessa,3
Vendula,1
Vianca,1
Victoria,3
Willow,1
Xani,1
Xanthe,1
Yana,1
Yasmin,3
Ysobel,1
Zali,3
Zara,2
Zarlia,1
Zoe,4
Aaron,2
Adam,10
Adrian,1
Aidan,6
Aiden,3
Aidyn,1
Ajay,1
Alec,1
Alex,4
Alexander,15
Aloysius,1
Andrew,10
Angus,3
Anthony,3
Anton,1
Antonio,1
Archer,2
Archie,2
Arren,1
Ash,1
Ashley,1
Ashton,1
Ayden,1
Bailey,11
Bailley,1
Barkly,1
Barnaby,2
Baxter,1
Bayden,1
Bayley,2
Beau,2
Ben,2
Benedict,1
Benjamin,31
Bertie,1
Billy,1
Blade,1
Blaize,1
Blake,11
Blakeston,1
Blayke,1
Bodhi,1
Bradley,3
Braedon,3
Braiden,1
Brandon,2
Brayden,2
Brendan,1
Brett,1
Brinley,1
Brock,1
Brodee,2
Brodie,2
Brody,3
Bryce,2
Brydon,1
Byron,1
Cade,1
Cain,2
Caleb,10
Callum,7
Calvin,1
Cameron,9
Campbell,4
Carlin,2
Casey,1
Charles,4
Charlie,6
Chase,1
Christian,6
Christopher,5
Ciaran,1
Clain,1
Clement,1
Coby,2
Connor,18
Cooper,13
Corey,1
D'arcy,1
Daen,1
Dakota,1
Dale,2
Damien,2
Daniel,21
Daniele,1
Danjel,1
Danny,1
Dante,4
Darcy,3
David,5
Deakin,4
Deakyn,1
Dean,2
Declan,1
Declen,1
Devan,1
Dillon,2
Dimitri,1
Dominic,2
Douglas,1
Drew,1
Dylan,13
Eden,1
Edward,3
Elijah,1
Elki,1
Elton,1
Emmet,1
Ethan,19
Evan,4
Ewan,1
Fergus,2
Finlay,3
Finley,1
Finn,3
Finnbar,1
Flynn,7
Francesco,1
Fraser,2
Fynn,1
Gabriel,3
Garth,1
George,4
Gianni,3
Grayson,1
Gregory,1
Griffin,1
Gus,1
Hamish,4
Hari,1
Harley,2
Harrison,18
Harry,14
Harvey,1
Hayden,9
Heath,2
Henry,5
Hudson,1
Hugh,2
Hugo,3
Hunter,1
Iain,1
Isaac,4
Isaiah,1
Izaac,1
Jack,35
Jackson,12
Jacob,20
Jacobie,1
Jaden,2
Jaggah,1
Jai,3
Jaiden,2
Jairus,1
Jake,14
Jakob,1
James,28
Jamie,5
Jared,4
Jarod,1
Jarred,1
Jarrod,2
Jarryd,1
Jarvis,1
Jason,1
Jasper,5
Jassim,1
Jaxin,1
Jaxson,1
Jay,1
Jayde,1
Jayden,10
Jaykob,1
Jean-claude,1
Jed,2
Jeremiah,1
Jeremy,1
Jesse,5
Jett,2
Jock,1
Joe,2
Joel,20
John,3
John-paul,1
Jonah,1
Jonathon,1
Jordan,11
Jory,1
Joseph,1
Joshua,50
Judah,1
Justin,1
Jye,4
Ka,1
Kade,1
Kadin,1
Kai,3
Kale,1
Kaleb,1
Kane,6
Kayden,1
Kayne,1
Kazuki,1
Keaton,1
Keegan,1
Kenneth,1
Kieran,1
Kieren,2
Kobe,3
Koben,1
Kody,1
Konstantinos,1
Kristo,1
Ky,1
Kydan,1
Kye,2
Kyle,16
Kynan,2
Lachlan,32
Lachlan-john,1
Latham,1
Lawson,1
Lee,1
Leo,2
Leon,2
Levi,2
Lewis,5
Liam,24
Lochlan,2
Logan,3
Louis,2
Luca,1
Lucas,10
Luka,1
Lukas,2
Luke,18
Lynton,1
Mackenzie,1
Mackinley,1
Maconal,1
Macormack,1
Magnus,1
Malakai,1
Marco,1
Marcus,4
Mark,1
Marko,1
Mason,2
Matteus,1
Mattheo,1
Matthew,22
Max,7
Maxin,1
Micah,1
Michael,20
Millane,1
Miller,1
Mitchell,22
Nathan,14
Ned,3
Nicholas,25
Nicolas,1
Noah,13
Oakleigh,1
Oliver,14
Oscar,6
Owen,1
Patrick,6
Paul,1
Pearson,1
Peter,3
Philip,1
Phillip,1
Phoenix,1
Pino,1
Quinn,2
Reece,1
Reeve,1
Reuben,2
Rhett,1
Rhys,3
Richard,2
Ridley,1
Riley,17
Robbie,2
Robert,4
Robin,1
Rohan,1
Ronan,1
Rory,1
Rourke,1
Roy,1
Ruben,1
Rupert,1
Ryan,10
Ryley,1
Sachin,2
Sam,8
Samir,1
Samuel,19
Scott,2
Seamus,1
Sean,4
Sebastian,4
Seth,3
Shane,3
Shannon,1
Shaun,2
Shawn,1
Silas,2
Simon,1
Solomon,1
Spencer,1
Spyke,1
Stelio,1
Stephen,1
Steven,1
Stirling,1
Tai,1
Talan,1
Tanar,1
Tasman,1
Tate,1
Thomas,33
Timothy,11
Toby,5
Todd,1
Tom,1
Tommi-lee,1
Tommy,2
Tony,1
Travis,3
Trent,1
Trevor,1
Trey,2
Tristan,3
Troy,2
Ty,1
Tyler,5
Tynan,2
Tyron,1
Tyrone,1
Vincent,1
Wade,1
Warrick,1
Wil,1
Will,1
William,26
Wilson,4
Xavier,3
Xepheren,1
Zac,7
Zach,1
Zachariah,2
Zachary,13
Zack,1
Zakariah,1
Zane,4
Zarran,1
Zebediah,1
