Aaberg,2
Aakre,1
Aarts,1
Aaternir,1
Abat,2
Abbatista,1
Abbetmeyer,1
Abbondandola,2
Abdel salam,1
Abdol,1
Abdullah,8
Abdulsubahan,1
Abejo,1
Abera,2
Aberg,2
Aberham,1
Abeygunawardena,1
Abeysuriya,1
Abeywickrama,1
Abifarraj,1
Ablamowicz,2
Able,3
Abolf,1
Abou-zeid,1
Abourjeili,1
Abraha,1
Abrahamson,10
Absell,1
Absenger,3
Abud,1
Abulmouna,1
Abushawsh,1
Acciairresa,1
Achkar,1
Ackermans,1
Adair,25
Adamou,1
Addo,2
Adelaide,1
Adhikari,3
Adikari,1
Adnerson,1
Adorni-braccesi,1
Adrain,4
Adshed,1
Adzaip,3
Aesche,7
Aeuckens,2
Afford,38
Afiabo,1
Afrassa,1
Agagliate,1
Agapitos,1
Agerbeek,4
Agett,3
Aggarwal,7
Agius,73
Agno,1
Agriogiannis,1
Ah chin,3
Ah kit,2
Aherne-vonhoff,1
Ahier,5
Ahillias,1
Ahlin'smith,1
Ahmed,26
Ahmepagic,1
Ahsam,1
Ahwah,1
Aimes'emery,1
Airs,2
Airwolf,1
Aisatullin,3
Aiston,11
Aitken-moss,1
Akar,1
Akaula,1
Akauola,2
Akele,1
Akerland,1
Akerlind,2
Akker,5
Akkermans,7
Akmacic,2
Akot,1
Akritidis,1
Akroyd,2
Aksentijevic,1
Aktov,1
Al safi,1
Al-zubaidy,1
Ala saarela,1
Alagich,3
Alahiotis,2
Alate,1
Alberd,1
Albert-ward,1
Albertini,10
Alberty,2
Albore,1
Alcazar,4
Alcoe,1
Alderman,34
Alderson,82
Aldous,19
Aldrich,1
Alearez,1
Aleksander,1
Aleksandric,1
Alessi,6
Aletras,1
Alexander-grieve,1
Alfords,1
Algo,3
Alhabsji,1
Alhaiery,1
Aliadi,2
Alias,4
Alibek,1
Alimanovic,1
Alisauskas,2
Allabanda,3
Allanby,27
Allard,32
Allchin,11
Allcroft,6
Allegretto,6
Allen mckenzie,1
Allermo,1
Allica,1
Allik,2
Allister,3
Allmich,2
Allon,1
Allsopp,18
Alma,2
Almazan,2
Almeida,8
Alrobiay,1
Alsic,2
Alste,1
Alstin,2
Alstrom,2
Alszko,1
Alt,3
Alton,4
Altorjay-arnoul,1
Alty,3
Alves,18
Alwast,1
Alyta,1
Amafuji,1
Amagula,3
Amarasekara,1
Amarasekera,2
Amarjit,1
Ambjerg-pedersen,1
Amega,1
Amiet,8
Aminthe,1
Ammer,1
Amorim,2
Ampelas,1
Amri,2
Amur,1
Anable,1
Anatoly,1
Andersch,8
Anderson-haig,1
Anderson-ives,1
Andrae,18
Andreae,3
Andreescu,1
Andrepoulos,1
Andresen,15
Andretti,3
Andretzke,16
Andricic,2
Andrionne,1
Andrioti,1
Andrysz,1
Anestopoulos,2
Ang,19
Angerson,2
Angie,3
Angus-welcome,1
Anic-ivicic,1
Anicic,4
Anjewierden,2
Anne,4
Annetta,3
Anninos,5
Anns,2
Ansaar,1
Ansford,1
Anshan,1
Ansone,1
Ansselin,1
Antees,1
Anthanassiou,1
Anthomy,1
Antiuschka,2
Antoinette,1
Antoku,1
Antuar,3
Anwyl,2
Ao,1
Aoun,5
Apathy,5
Apiata,1
Apoleski,1
Apolinar,1
Apostoloff,4
Appletree,1
Apruzzese,1
Apse,4
Apsitis,4
Apted,42
Aquila,1
Arabilla,2
Arachchide,1
Araisuru,1
Arakiel,3
Arana,1
Arandale,1
Araujo,5
Aravena,1
Araya,4
Arbalis,1
Arbuckle,12
Archdall,12
Arda,1
Ardalich,3
Arenz,1
Arganese,9
Argentieri,1
Arghittu,1
Argiridis,1
Arhar,1
Arhdntoulis,1
Arhipoff,8
Arikawe,1
Ariuu,1
Ariyaratme,1
Arkadianos,2
Arkcoll,1
Arkit,2
Arkwright,2
Arland,2
Arlott,4
Arlotta,1
Armanas,2
Armanini,7
Armanious,2
Armata,1
Armfield,22
Armiento,11
Armstrong-essery,2
Arnald,1
Arnaoutis,1
Arnaudon,1
Arndt,8
Arneil,3
Arozoo,1
Arragon,3
Arribas,2
Arrigoni,1
Arrison,1
Arsenijevic,2
Artacho,2
Arthure,1
Arthus,1
Artis,41
Arts,1
Artym,2
Artymowycz,4
Arulanandam,3
Arvanitakis,5
Asbroek,3
Asbury,1
Asche,6
Aseffa,1
Asendorf,4
Ashbey,1
Asher,24
Ashpole,1
Askell-wilson,1
Askins,2
Asmus,3
Asperti,3
Aspery,2
Aspey,3
Aspinall,50
Assadi khansari,1
Asser,15
Astinall,1
Astley,23
Asusaar,2
Atahan,1
Atefi,1
Athanasoulias,3
Athans,6
Athnansiou,1
Atholwood,1
Atighi,1
Atkinson-crawford,1
Atsalas,4
Atsalis,3
Atsaves,5
Attis,1
Attle,2
Au,23
Aualiitia,1
Auch-schwelk,1
Audino,2
Audze,1
Aufiero,1
Augey,1
Augustijn,1
Aujard,6
Auldridge,1
Aulert,1
Auman,2
Aungle,1
Ausserlechner,3
Austin-crowe,1
Autengiuber,1
Auvaa,1
Avcarich,1
Avdic,2
Aveil,1
Avendano,1
Averats,4
Averay-jones,1
Averis,12
Averkin,3
Avoty,1
Awadahl,1
Awarau,1
Awatere,1
Axam,1
Axelson,1
Ayer,3
Ayotte,1
Ayres,82
Azarovsky,2
Azeez,1
Azimi,4
Azzopardi-williams,1
Baars,3
Baart,1
Baayens,3
Babare,1
Babarowski,1
Babefhoff,1
Babic,25
Babol,1
Babos,3
Baccarin,1
Bacchus,13
Bachan,1
Bachli,4
Backcoller,1
Bacskai,6
Bacueti,1
Badalassi,2
Badawee,2
Baddeley,7
Badewitz,1
Badger,34
Badhan,1
Badia,1
Badman,45
Badowicz,1
Baensch,2
Baerwald,1
Bagdan,1
Baggalley,2
Baginska,1
Bagot,8
Bagusauskas,4
Bagwell,2
Bahgat,2
Bahnisch,11
Bahouche,1
Bahwech,1
Bail,18
Bailiht,3
Baillie,85
Baj,1
Bajic,5
Bajtek,2
Bajurin,1
Baker-cresswell,1
Bakewell,6
Bakirtzakis,3
Bakken,1
Balasubramaniam,3
Balazs,7
Balcher,1
Balchin,15
Baleibaravi,1
Balga,1
Balingit,1
Ballantyne,69
Balmain,3
Balmford,1
Baloban,1
Baloch,1
Balsarini,1
Baltagie,2
Baltidis,1
Bambas,1
Bambino,2
Bambling,5
Bammant,1
Ban,7
Ban malssen,1
Banagala,1
Banasevich,1
Bandi,1
Bandick,8
Bandte,2
Banelis,4
Banful,2
Banham,24
Bani,1
Banjavcic,1
Bankowski,1
Bansemer,13
Bansgrove,2
Banson,2
Bantolas,1
Banute,1
Baohm,11
Baptist,5
Barabara,1
Baradakis,4
Baraiolo,4
Barancek,1
Barazda,2
Barberien,2
Barbiellini,1
Barbier,2
Barbuto,6
Barchero,1
Barelds,3
Barges,2
Baricevac,1
Barisic,20
Barko,4
Barmore,1
Barnaby,2
Barnes-keoghan,1
Barnetson,4
Barol,1
Barossa,2
Barra,5
Barram,1
Barrangul,1
Barre,1
Barrett-woodbridge,3
Barritt,12
Barsoum,1
Bartel,75
Barthomew,1
Bartkow,2
Bartley-steele,1
Barton-ancliffe,5
Bartone,4
Bartos,5
Bartosic,1
Barvo,1
Barwon-parry,1
Barzen,2
Bascik,1
Base,1
Basedow,12
Basey,3
Bashum,1
Basis,1
Baskarada,1
Baskin,2
Basri,1
Bassal,1
Bassaletti,1
Bassani,8
Basselot-hall,2
Bastardi,1
Basterfield,3
Basterrechea,1
Bastiaans,12
Bastin,13
Basting,1
Basyaruddin,3
Bat,2
Batemam,1
Bates-brownsword,8
Batiste,2
Battisson,13
Battistessa,1
Batusic,2
Baucks,1
Bauerstock,1
Baugh,9
Bauman,5
Baumgart,3
Baust,7
Bavagh,1
Bavin,2
Bayet,3
Baynes,37
Bazevski,1
Bazley,2
Beaben,1
Beadel,4
Beadell,4
Beadle,28
Beahan,2
Beak,1
Beal,37
Beams,53
Beardon,2
Beasland,1
Beattie,180
Beatton,10
Beaty,41
Beaufort,1
Beauman,4
Beaumaris,4
Beaumont-smith,1
Beazley,23
Bechtold,4
Becirevic,1
Beck-clark,1
Beckwith,34
Bedarev,1
Bedding,12
Beddison,2
Bedington,2
Bednar,1
Bednarczyk,3
Beeche,3
Beegling,1
Beelitz,29
Beemster,3
Beerbiuum,1
Beeslee,2
Beganovic,1
Beh,3
Behill,1
Behnke,6
Beiler,1
Beilicz,1
Beissel,2
Beiwinkler,1
Bela,1
Belavic,2
Belbello,1
Belchel,1
Belci,6
Belding,1
Bell-towers,2
Bellamy,28
Bellchambers,110
Bellew,4
Belling,10
Bellofatto,2
Bellon,12
Bellot,2
Belonoha,1
Belperio,74
Belsham,6
Beltrami,2
Beltsos,2
Bem,2
Bemowski,1
Ben-gurion,1
Bencze,2
Bendt,1
Bendyk,6
Bendyna,1
Bene,1
Benetto,1
Benger,58
Bengtell,1
Beniston,2
Benjafield,2
Benjamin,34
Benkovic,1
Bennell,17
Bennier,45
Bentham,7
Bentin,1
Bento,1
Benveniste,4
Beran,2
Berce,4
Berenyi,5
Bereza,5
Berezansky,2
Berezny,1
Bergamaschi,10
Berghout,1
Bergrud,1
Bergsma,2
Beric,7
Berisa,1
Berketa,5
Berkinshaw,4
Berly,1
Berman,4
Bernardo,8
Bernath,4
Bernattek,1
Bernauer,1
Bernhart,3
Beros,1
Berresford,12
Berrgren,1
Berry,527
Berryman,91
Bersable,1
Bersten,1
Bertagno,2
Berwald,1
Beryl,2
Berzel,4
Betemarim,1
Bethesda,1
Bethley,1
Betiavas,1
Betrum,1
Betschart,3
Betschild,1
Bettens,13
Betti,2
Bettineschi,2
Beudeker,1
Beugelaar,2
Beurich,1
Beutler,4
Bevan-lewis,2
Beverakis,1
Beverlee,1
Bevin,9
Bevis,33
Bevitt,1
Bezos,8
Bezuch,4
Bezuidenhoudt,1
Bhalla,2
Bholanat,1
Bhummabhuti,2
Bialous,4
Biancardi,3
Bianchin,3
Bibb,1
Bibby,16
Bibrowicz,1
Bicanski,1
Bichler,1
Bickerstaffe,1
Bidal,1
Biden,1
Bidwell,5
Bieber,1
Biec,1
Bieckmann,1
Bielenberg,3
Bienkowski,1
Bierenboim,2
Bigge,1
Bihar,3
Bilecki,10
Bilinski,1
Billman,2
Billsborrow,2
Bilowus,2
Bimitrijevic,1
Bin-gapore,1
Bindi,4
Bindoff,6
Binggong,1
Biniek,1
Binkowski,7
Binns,104
Birchby,7
Bircher,1
Birdling,1
Birg,1
Birindzic,1
Birkill,2
Birkin,26
Birkner,1
Birthisel,3
Birthwhistle,1
Bisazza,2
Biscan,1
Bischelberger,2
Biscoe,5
Bishop,636
Bisht,1
Bissember,1
Bissett,64
Bissmire,4
Bistik,1
Bitmead,27
Bittins,2
Bivone,8
Bixley,1
Bizjak,7
Bjorksten,1
Blachnicki,1
Blacka,2
Blacklaws,1
Blacklow,21
Blackney,5
Blackwell,229
Bladel,3
Blake,370
Blam,1
Blanchette,2
Blancodini,1
Blandis,3
Blaschke,7
Blask,1
Blaskett,4
Blazey,4
Bleeser,1
Blenkinsopp,1
Blenkle,1
Blessios,1
Blewett,17
Bligh,24
Blignault,1
Bligzna,3
Blinman,9
Blissenden,2
Blizard,1
Block,51
Blocki,4
Blohm,2
Blomberg,5
Blondel,1
Bloomfield,92
Blowe,1
Blowes,26
Blows,18
Bluemmel,1
Blunden,60
Blurton,1
Blyde,2
Boak,1
Boam,4
Boase,28
Boaz,3
Bobbitt,1
Bobets,1
Bobko,1
Bobroff,3
Bobstchlinski,1
Boccabella,1
Bocchino,7
Boccuzzo,2
Boceanu,1
Bochmann,6
Bochnicek,2
Boczkowski,2
Bodfish,1
Bodman,6
Boe,1
Boecke,2
Boekel,2
Boesten,3
Boettinger,2
Boevink,2
Boeyen,8
Bof,4
Bohonis,1
Boi,1
Boigt,1
Boileau,5
Boissery,1
Boitcheff,1
Boizard,1
Boling,2
Bolis,1
Bollen,18
Boller,6
Boman,11
Bomben,1
Bondar,3
Bondza,3
Bonnefin,4
Bonnie,1
Bonomo,1
Bonthuis,2
Bonvino,1
Boocock,7
Boonen,3
Boothroyd,6
Bootton,1
Bopping,3
Boravos,2
Bordeaux,2
Bordin,10
Bordon,3
Borejko,1
Borel,1
Borg caruana,1
Borgardt,1
Borgelt,8
Borges,4
Borgmeyer,8
Borholm,1
Borick,1
Borkowskis,1
Bornholn,1
Boromisa,2
Borrill,3
Borsut,1
Bortkiewicz,2
Borysiak,1
Bosboom,2
Boschen,1
Boschma,1
Bosecke,2
Bosi,4
Bosonworth,1
Boss,23
Bosse,1
Bossence,1
Bossley,1
Boswest,1
Boteju,1
Botham,5
Bott-sarma,1
Botta,2
Bottroff,31
Bouchierr,1
Bough,2
Bouldin,2
Boulter,32
Bouras,13
Bourchardt,1
Bourgeois,4
Bourrell,1
Bouskill,1
Bousky,1
Boutchard,12
Boutland,1
Bouzalas,3
Bovill,8
Bowdern,1
Bowen-smith,1
Bowerman,104
Bowes-johnston,1
Bowick,1
Bowles-baker,1
Bowness,1
Bowran,3
Bowron,6
Boxer,34
Boxhall,45
Boxshall-slean,1
Boyes,43
Boyle,209
Boylon,5
Boysey,1
Boyton-carverry,1
Bozanco,1
Bozdarovski,1
Bozoki,1
Bozzetti,3
Bozzon,2
Brabants,1
Bracci,5
Bracht,2
Braciak,2
Brack,6
Brackett,2
Bradby,1
Braddy,8
Bradicich,1
Bradshaw,214
Braemer,1
Bragicevich,1
Braido,1
Brain,104
Braine,3
Braithwaite,103
Brajkovic,4
Brakel,2
Brakensiek,1
Bralic,6
Bramble,6
Bramfit,1
Brammy,17
Brandall,1
Brandreth,1
Brandstetter,2
Brangwen,1
Braniff,2
Brann,5
Brannelly,3
Bransby,3
Branski,1
Branston,3
Brasdandi,1
Brash,2
Braslis,1
Bratina,1
Bratko,1
Bratovic,3
Braumann,1
Braunack,39
Braunwalder,1
Brayshay,1
Brayton,2
Brazzalotto,12
Bredel,1
Bredl,1
Breedt,2
Breglove,1
Breheny,11
Bremers,1
Bremstaller,2
Brenchley-gaal,1
Brennand,8
Brentnall,7
Brenzel,1
Breschi,2
Bresnik,1
Bresvansin,1
Bretland,2
Breuninger,1
Brey,1
Brgles,7
Briceno,1
Bridgefoot,1
Bridgeland,4
Bridgland,32
Brining,1
Brinsmead,10
Bristow,80
Bristow-smith,1
Britten,69
Brittion,1
Brne,1
Broadby,46
Broade,1
Broadhead,12
Brock,130
Broders,4
Broinowski,2
Brokenshire,25
Brommeyer,1
Broniecki,1
Bronwyn,2
Brooker,72
Brookes-inglis,3
Brookhouse,6
Broughan,4
Broullet,1
Brouwers,4
Brovcenko,1
Browne,257
Browngold,1
Broxam,6
Bruck,2
Brudo,1
Brugler,1
Bruhn,59
Bruinewoud,4
Brumbt,1
Brumley,3
Brummer-archer,1
Brunborg,1
Brunne,1
Brunoro,4
Brunssen,3
Brus,9
Bruse,9
Brushe,1
Brushett,1
Bryce-watson,1
Brydon,12
Bryers,3
Brysland,1
Brzezinska,2
Buccini,4
Buchhorn,6
Buchiw,6
Buchold,2
Bucholtz,3
Buckell,7
Buckinghan,1
Buckmaster,12
Buckoke,2
Bucks,1
Budel,2
Buder,6
Budge,6
Budreika,2
Budzynski,3
Buer,3
Bueschike,1
Buesel,1
Buffett,2
Bugera,1
Bugslag,1
Buhagiar,27
Buhle,1
Bui-kensington,1
Buil,1
Builth,2
Buitendyk,2
Bujnowski,5
Bujtas,1
Bulbrook,1
Bulfone,1
Bulford,1
Bulgin,1
Bullamore,1
Bullion,1
Bullivant,9
Bullock,129
Bulmeister,1
Bulner,2
Bulyga,2
Bunch,2
Bunjo,3
Bunt,8
Bunuggurr,1
Buracott,1
Burchel,1
Burdin,3
Burdzielow,1
Burford,225
Burgar,5
Burgemeifter,1
Burghof,2
Burghr,1
Burgmann,2
Burgstett,1
Burkenhagen,2
Burkevics,9
Burleigh,32
Burman,39
Burmeister,4
Burn-adams,1
Burnell,64
Burrill,15
Burtenshaw,5
Buscall,1
Buschauer,1
Buterfield,1
Butt,116
Butter,3
Buttons,1
Buttrose,16
Buttsworth,2
Butvila,2
Buxton-collins,1
Buzow,1
Bycroft,5
Byers,74
Byers-thomas,2
Byham,2
Bykow,1
Bynder,1
Byrd,2
Byreddy,1
Byrt,11
Bysord,1
Cabos,1
Cacciotti,4
Cachia,9
Caddick,8
Cadman,29
Cadwallader,5
Cagialis,1
Cagliuso,2
Cagnan,1
Cahir,4
Caine,12
Caire,40
Cakic,1
Calan,5
Calantzis,2
Calarco,3
Calcroft,1
Calgie,2
Calhourn,1
Calic,4
Calio,5
Calipari,9
Calisto,1
Callado,4
Callagan,1
Callahan,40
Callister,6
Calloway,1
Calnan,14
Calnin,1
Caloghiris,3
Calov,2
Calow,7
Caluzzi,1
Calvett,2
Calzadalla,1
Camarotto,1
Cambell,4
Cameirao,3
Camens,10
Cameron-hill,1
Camffermann,2
Camillo,1
Camiss,1
Camozzato,6
Camp,38
Campain,32
Campana,1
Campbell,1414
Campbell-kennedy,1
Campbell-smith,6
Campble,1
Campton,15
Camuscini,1
Can,3
Canavan,19
Canavese,3
Canciller,1
Candale,2
Candida,10
Cangelosi,1
Canini,1
Canizares,2
Cankett,2
Cannell,71
Cannons,10
Cansfield-smith,2
Cantarella,1
Cantini,3
Canton,7
Cantrall,1
Capek,1
Capel,13
Capell,12
Capio,1
Capiro,2
Cappelluti,18
Cappelutti,1
Capurro,1
Capurso,40
Caputi,2
Carallis,1
Caranci,1
Carberry,11
Carbone,136
Carbray,2
Carcuro,6
Cardier,1
Cardnell,4
Careless,10
Carella,3
Carger,4
Carich,1
Carie,3
Carige,7
Carington,2
Carington-smith,1
Carioti,2
Carless,5
Carlington,1
Carlmark,1
Carluccio,2
Carlus,1
Carmax,1
Carmody,86
Carmont,1
Carnachan,3
Carnicelli,2
Carnmer,1
Carnuccio,4
Carofano,5
Carosella,3
Carp,1
Carpanzano,1
Carrabba,2
Carradine,1
Carraill,10
Carratt,2
Carrel,2
Carrera,8
Carrigg,3
Carruthers-taylor,2
Carsley,1
Cartland,4
Cartmel,2
Caruana,51
Carugno,1
Carullo,2
Carvalho,4
Carvel,1
Casanovas,1
Casaretto,4
Casasola,1
Caselli,1
Casimiro,4
Casper,1
Cassebohm,7
Casser,1
Cassilles,2
Cassimatis,4
Castelanelli,2
Castellari,4
Castelluzzo,5
Casten,1
Castleman,4
Catalinac,1
Catalini,1
Caterer,3
Catherwood,3
Catt-green,1
Cattigan,4
Cauna,2
Cavaivolo,1
Cavallard,1
Cavanaugh,2
Cavinagh,1
Cawkwell,4
Cayoun,1
Cazes,2
Cazzlato,1
Cebalo,1
Cebin,1
Cecere-palazzo,3
Cecotti,3
Cecovic,2
Ceiffman,1
Ceiley,1
Cenatiempo,1
Cenin,7
Center,1
Centofinti,1
Ceper,1
Cerchi,2
Cereceda,1
Cerins,1
Cernaz,1
Cerritos,1
Cervo,1
Cesari,1
Cetic,1
Cetinich,3
Chabrel,6
Chadburn,3
Chahin,1
Chakouch,1
Chala,1
Challenor,7
Chalson,1
Chamalaun,3
Chambis,2
Chammen,5
Champion de crespign,4
Chandler,280
Chanter,3
Chantha,1
Chantrill,1
Chappel,22
Chaptini,1
Charitonidis,1
Charlton-white,1
Charman,33
Chater,4
Chaternuch,2
Chatloup,1
Chattin,4
Chaudhary,1
Chauveau,1
Chav,2
Chawla,3
Chawtur,1
Cheap,1
Chee,7
Cheel,15
Cheers,10
Cheffon,1
Chegwidden,6
Chehon,1
Cheliotis,1
Chell,4
Chelmers,1
Chemello,1
Chemny,2
Chereda,1
Cherini,3
Cheshire,22
Chestnut,3
Chetter,1
Chetwyn,2
Chevallier,2
Chiappetta,5
Chico,1
Chidzey,1
Chighine,1
Chigros,8
Chijiwa,2
Chilko,1
Chin quan,1
Chiotis,1
Chippett,4
Chitti,4
Chittinoori,1
Chittleborough,33
Chitts,2
Chmelar,2
Chodacki,1
Choi-lundberg,1
Chol,2
Cholawinskyj,3
Cholmondeley,1
Chomos,2
Choon,1
Chorley,15
Chorny,2
Chote,1
Chou,12
Choumar,1
Chowdhury,9
Chraplewski,1
Chreb,1
Chrisakos,1
Christanto,1
Christerson,4
Christie-taylor,1
Christo,5
Christofilos,2
Christos,1
Chrost,1
Chrysanthou,1
Chua-chang,1
Chubb,7
Chuck,22
Chudzinski,1
Chueler,1
Chuong,1
Churches,23
Churchill-bateman,1
Churkin,1
Chuying,1
Chwalczyk,1
Ciannemea,1
Ciardullo,5
Ciavarella,1
Cibiras,2
Cicchini,10
Cicconi,5
Cichanowski,1
Ciciksza,1
Cicolella,4
Cifali,2
Cimbora,1
Cioffi,5
Cionci,4
Ciotti,5
Ciplys,3
Cirelli,5
Cirottola,1
Cirvydas,1
Ciuciu,1
Civil,3
Claasz,1
Clacy,2
Cladingboel,2
Claffey,1
Clapham,14
Claremont,3
Clarke,1781
Clarke-hall,1
Clarysse,1
Clasper,3
Clauson,4
Clayden,9
Claydon,14
Clearay,1
Cleaver-smith,1
Clelland,15
Clemes,2
Clendenning,1
Cleugh,1
Cliffe-hickling,2
Climo,1
Clisby,26
Clissold,11
Cloke,8
Clos,1
Clota,3
Cloudsdale,9
Clowes,4
Clucas,2
Clutterbuck,24
Cmarch,1
Cmielewski,3
Cnossen,1
Co,1
Coady,19
Coatsworth,7
Coaxton,1
Cobbett,2
Cobbin,5
Cobuccio,1
Cochrane,139
Cockerham,2
Coenen,4
Coey,1
Coffey,104
Cofinas,1
Cogzell,2
Cohonen,1
Cohorts,1
Cokley,1
Colantoni,4
Colantuono,2
Colaric,1
Colasante,6
Colbron,1
Coldell,1
Coldicutt,6
Cole-adams,2
Colefax,3
Colegate,16
Coleman,529
Coleman-bock,1
Coleopy,2
Colev,3
Colicchio,1
Colis,1
Collier,87
Collingham,1
Collins hartley,1
Collinson,51
Collishaw,1
Colliss,1
Collo,1
Collufio,1
Colombini,3
Colpo,2
Colquhoun,87
Colston,1
Colthorpe,6
Coltman,8
Comacchio,7
Comahig,1
Comben,1
Combridge,8
Combs,1
Comersord,1
Comisari,1
Comitis,1
Commons,16
Commozzato,1
Compagne,6
Compton,26
Conaghty,26
Conboy,7
Concannon,6
Conder,10
Condessa,3
Condo,20
Condozoglou,1
Condric,2
Conely,1
Connerty,4
Connier,3
Connochie,1
Conrick,18
Constance,12
Constantas,1
Cookson,20
Coolahan,3
Cooper-heeney,1
Cooper-white,1
Coopers,1
Coopman-dewis,1
Cootam,1
Copine,1
Coplestone,4
Copp,9
Copperstone,4
Coppinger,9
Coppock,21
Coppola,26
Coquia,1
Corbin,26
Corbitt,4
Corboz,1
Cordang,1
Cordina,8
Cordiner,5
Cording,4
Cordingley,8
Cordoba,1
Corera,1
Coridas,1
Cormick,13
Corneille,2
Cornioley,1
Corocoran,1
Corones,2
Corpett,1
Corre,1
Corrick,8
Corrie,22
Corsico,2
Cort,2
Corthouts,1
Corujo,4
Corver,5
Cosenza,1
Cosgrove-brown,1
Cosier,4
Cosmetto,2
Cossich,3
Cossman,1
Costain,8
Costessi,1
Costigan,19
Cotchin,1
Cother,12
Couch-keen,1
Couchi,1
Coudraye,2
Coulls,20
Coulson,147
Coulton,7
Coumans,3
Coupard,1
Courtenay-ralph,1
Courtnell,3
Cousin,6
Couszins,1
Coutsoumis,1
Couzens,32
Coveny-sanders,1
Covino,36
Cowcill,2
Cowden,8
Cowell,56
Cowlam,1
Cowle,11
Cowman,3
Cox-mckinnon,1
Coxon,32
Cradock,13
Cragg-sapsford,2
Crain,8
Cramb,3
Cranefield,3
Crannage,2
Crapp,6
Craske,11
Craswell,7
Craze,2
Crea,2
Creafter,1
Creagh,12
Creber,11
Creighton-jay,1
Crellin,14
Cremasco,9
Cresceteili,2
Cresp,20
Creten,8
Crews,9
Crighton,8
Crighton-mills,1
Crimes,3
Crisafulli,2
Crisci,15
Cristenfeldt,1
Cristiani,2
Criswood,1
Crkvencic,2
Crlik,1
Croad,1
Croci,5
Crocket,1
Crofton,4
Crofts,14
Croker,42
Cromer,11
Croning,1
Cronis,1
Cronshaw,9
Crook,116
Crookall,6
Crooke,6
Cropper,6
Crosetta,1
Crosser,1
Crossingham,5
Crossman,78
Crosswell,108
Crosthwaite,6
Crouch,205
Crowest,1
Crown,1
Cruicksank,1
Cruickshanks,3
Crute,11
Cruttenden,8
Csanaki,2
Csejtey,1
Cseko,1
Cseleda,1
Cseri,1
Csik,2
Csomor,1
Ctercteko,1
Cube,1
Cuerden-clifford,1
Cuffley,1
Culbertson,13
Cullens,3
Cullerton,1
Cullinane,1
Culliton,4
Culovici,1
Culph,6
Cuming,20
Cummin,3
Cundell,5
Cunha,4
Cuniak,1
Cunich,2
Cunnett,2
Cupo,2
Cure,39
Curea,2
Cureton,9
Curihual,1
Currinckx,1
Curry,59
Cursley,2
Curson,2
Curteis,2
Curth,2
Curthoys,2
Curtoni,1
Curwen-walker,2
Cushnie,1
Custamce,1
Cutcliffe,5
Cute,11
Cuthbert-mundy,1
Cwiek,2
Cybulski,3
Cymbl,1
Cyrillo,3
Czajka,1
Czarnik,1
Czekalewski,1
Czerniawski,5
Czobik,1
Czoloszynski,1
Czura,1
Czylok,1
D'abate,2
D'addio,2
D'alterio,1
D'antiochia,2
D'apollonio,3
D'arne,1
D'emden,11
D'sylau,1
D'unienville,1
Daavittila,1
Dabb,1
Dabinet,16
Dabruzzo,1
Dabson,1
Dach,1
Dacktyl,1
Dadasovic,1
Dadic,1
Dady,2
Daehn,3
Dagley,2
Dagli-orti,1
Dahl-helm,1
Dahler,4
Dahlquist,2
Daicof,1
Daily,3
Daimanti,1
Dainton,2
Daish,14
Dajeman,2
Dakin,35
Dakis,4
Dalkin,4
Dall'armi,1
Dallacqua,1
Dallas,23
Dallemolle,1
Dalli,3
Dallos,4
Daloia,3
Dalpozzo,1
Dalpra,2
Dalrymple,7
Daltoe,1
Dalton-lum,2
Damhuas,1
Damhuis,8
Damianos,1
Damodaran,1
Damyanovsi,1
Danby,10
Dancey,5
Dandie,2
Danelon,4
Danisewitsch,1
Dankers,1
Danner,1
Dantiochia,1
Danyushevski,1
Danzig,1
Daoutidis,1
Dapollonio,1
Darbishire,3
Darby-cocks,1
Darch,7
Darcy-clarke,1
Dargaville,10
Dargenio,3
Dargusch,1
Darlaston,1
Darley-bentley,1
Daronco,1
Darrington,5
Dasilva,4
Dasovic,5
Datavs,1
Dathe,1
Datlen,5
Dato,3
Daughty,1
Daumont,1
Daven,1
David,96
David-smith,2
Daviess,11
Davila-sanhdars,1
Davis-bennett,2
Davis-bishop,1
Davis-goff,1
Dawborn,1
Dawood,1
Dayes,1
Daykin,8
Daymond,5
Daysh,5
De angelis,24
De boar,9
De bock,1
De boeck,1
De boni,1
De bono,16
De borzatti,1
De burgh-day,2
De chellis,1
De clouett,1
De courcey,1
De crespigny,4
De fantis,1
De fazio,8
De flumeri,2
De gennaro,11
De greef,4
De gruchy,2
De gryse,1
De judicibus,1
De julia,1
De la cruz,4
De landre,1
De leur,1
De los rios,1
De lucia,6
De march,1
De marzi,2
De michele,10
De nadai,1
De nichilo,5
De paoli,13
De peinder,1
De pierro,3
De pizzol,3
De raden,1
De rijk,1
De salvio,1
De savi,3
De sciscio,7
De smeth,3
De teliga,1
De totth,2
De voga,1
De vrieze,1
De wouytch,1
De'hoedt,2
De'low,1
De-silver,1
Deaha,1
Deakin,33
Deally,2
Dearing,36
Death,13
Debais,1
Debelle,2
Deblasio,4
Debrenni,3
Debritt,4
Debroughe,1
Deceukelaire,1
Deck,4
Deckert,8
Decolongon,1
Decrevel,1
Dedicoat,4
Dedovic,2
Deese,2
Defrancesco,10
Degasperi,6
Degenaars,1
Degeorge,1
Degoede,1
Degree,3
Degugelmo,1
Deguisa,3
Dehass,1
Dehesh,1
Dehey,1
Dehoedt,2
Deionno,4
Deja,1
Dejesus,4
Dekoff,1
Dekrell,1
Dekretser,1
Dekuijer,2
Dekuyer,1
Del checcolo,2
Del monaco,1
Delacy,11
Deleon,3
Delev,2
Delfos,3
Delgardo,1
Delizo,1
Delkic,1
Della giustina,2
Della-putta,1
Della-robson,2
Della-verde,6
Dellaforesta,1
Delledonne,2
Dellmann,1
Delloiacono,1
Delloste,2
Delohery,1
Delorme,1
Delos santos,1
Delrue,2
Delvendiep,4
Demarco,23
Demasson,1
Demenezes,2
Demetriou,17
Demura,1
Den elzen,1
Den otter,4
Denberger,2
Denduyn,1
Denellis,1
Denhertog,1
Denholm,73
Denisenko,1
Denne,16
Dennes,14
Denness,2
Denning,9
Dennington,6
Dent,131
Dentchev,1
Denwer,2
Deoki,1
Depanfilis,1
Depares,3
Depold,2
Depoma,1
Deporteous,2
Derganz,1
Derick,1
Derkson,1
Derlagen,1
Dermatis,2
Dermidy,1
Deroos,1
Derrett,2
Desalis,1
Desantis,3
Desaro,1
Deschmann,2
Desilva,13
Dessart,6
Dessi,3
Detzner,2
Deutscher,2
Devenny,1
Devin,4
Devonshire,2
Devriadis,1
Dews,4
Dhara,1
Dhondee,1
Di caterina,1
Di cesare,2
Di chiera,2
Di cola,2
Di domenic,1
Di lernia,2
Di manno,4
Di meglio,1
Di narzo,1
Di pinto,4
Di rosso,1
Diamandis,1
Diamandou,2
Diangmiyang,1
Diantsis,1
Diashko,1
Dibb,3
Dibb-smith,1
Dibben,25
Dibble,4
Dicamillo,2
Dicaterina,4
Dicenso,1
Dichiera,28
Dichtl,1
Dicic,1
Dicks,10
Dicovska,1
Didas,2
Dieckmann,5
Diegan,2
Diekman,5
Dielenberg,1
Dietmayer,1
Dietrich,24
Dietzel,3
Differy,1
Digan,4
Digiuseppe,1
Dignam,9
Dikic,1
Dileva,1
Dilkes,1
Dillion,1
Dillon-kenny,1
Dillworth,2
Diluvio,1
Dimachki,1
Dimauro,5
Dimitrijevich,2
Dimitriovski,1
Dimmack,3
Dimonte,2
Dimov,1
Dimuccio,2
Dine,4
Dinfdale,1
Dingo,3
Dinh,39
Diniro,1
Diniz,1
Dinnison,25
Dinon,10
Dinow,1
Dios-brun,1
Diperna,1
Dipietro,2
Dirr,1
Diss,2
Dissinger,3
Ditfort,1
Dittmayer,1
Ditty,5
Divona,3
Dixey,6
Dixon,603
Dizmanis,1
Dizon,1
Djamatatradja,1
Djugiba,1
Djurdjevic,1
Dlugosz,1
Dmytrenko,3
Dmytriw,3
Dobel,2
Dobell,8
Doblinger,5
Dobney,3
Dobrigna,2
Dobrzanski,1
Dobrzinski,2
Dobrzycki,1
Doby,1
Docchio,1
Dockray,3
Dodic,2
Dods,7
Dodunski,1
Does,1
Dogg,2
Doheny,2
Dohse,14
Doi,3
Doimo,1
Doinbee,1
Doitschinov,1
Dojcic,1
Dojcincovic,1
Dokas,4
Dola,4
Dolan,95
Dolatowski,1
Dolby,7
Dolejs,1
Dolkens,2
Dolliver,18
Dolzan,1
Doman,44
Domarecki,2
Domek,4
Domergue,1
Domhoff,2
Dominey,3
Domingo,5
Domkus,1
Donaldson,207
Donda,4
Donegan,13
Donela,1
Donetzkow,1
Dongas,1
Donithorne,1
Donkin,7
Donnaruma,1
Donnellon,2
Donnison,4
Donnolley,7
Donskoj,1
Doody,41
Doogue,5
Dooke,1
Dooley,46
Doornekamp,2
Doray,1
Dorin,1
Doring,2
Dorling,9
Dorn,5
Doroodkar,1
Doroszczonek,1
Dorree,3
Dorrell,6
Dorsey,11
Dosmyk,1
Doudakliev,1
Doudman,1
Dougal,4
Dougals,1
Doumouras,2
Dountsis,1
Douthwaite,1
Douvos,4
Dovner,1
Dowdney,1
Dowland,1
Dowley,5
Dowling-hanson,1
Downsborough,1
Doy,3
Drady,6
Draffen,1
Dragas,3
Dragh,1
Dragheim,1
Dragomirescu,1
Draiden,1
Drallini,1
Drance,1
Drawwater,1
Draycott,1
Drayson,7
Drechsler,49
Dreckow,29
Drenovac,1
Drenth,5
Dreon,1
Drewe,3
Dreyer,25
Drilling,6
Drinkell,3
Dritsas,5
Driver-smith,1
Droegemueller,6
Dropulic,1
Drougas,5
Drought,3
Drown,1
Drozdowski,3
Druitt,8
Druszcz,3
Drymalik,1
Drymis,1
Drysdale,38
Drzezdzon,1
Du,20
Dua,1
Dubbeldam,2
Dubbioso,3
Dubicki,3
Dubrava,1
Duca,1
Ducanson,1
Duchatenier,3
Ducornez,1
Ducrou,2
Dudek,8
Dudgeon,19
Dudley,71
Due,3
Duenow,3
Duerinckx,1
Dufelmeier,1
Duffew,1
Dugdale,11
Dugec,2
Dugonjic,1
Duits,2
Dukelow,1
Dukeson,4
Dukic,11
Dulfer-hyams,1
Dulko,1
Duller,3
Dulnoan,1
Dumbrell,6
Dumetz,1
Dumpe,3
Dumphy,1
Dumsa,1
Dumuid,2
Dun,5
Dundovic,1
Dunis,2
Dunling,4
Dunnicliff,18
Dunnington,1
Dunstone,48
Dunthorn,2
Duont,1
Durairaj,1
Durban,2
Durbridge,27
Durdev,2
Durnin,6
Durovic,4
Durr,5
Dusek,2
Duss,1
Dutson,6
Dutt,1
Duus,3
Duvnjak,11
Duxfield,1
Dworak,2
Dwyerreid,1
Dzamko,1
Dziki,1
Dzino,1
E,1
Eagar,1
Eamer,1
Eanbaram,1
Early,13
Earson,1
Earwaker,1
Easdale,1
Easlea,7
Easley,4
Easling,6
Eastaughffe,3
Easthope,6
Eayrs,5
Ebben,2
Ebdell,7
Ebert,77
Ebrahim,2
Ebzery,1
Echevarria,1
Eckersley-maslin,2
Econompoulos,1
Edakkadan,1
Eder,7
Edgecock,2
Edgecombe,25
Edgoose,1
Edgworth,1
Edhouse,4
Edi,1
Ediriweera,2
Edis,14
Edman,3
Edmeades,5
Edmonds-wilson,2
Edmonston,2
Edmundson,3
Edser,1
Edson,74
Edwarda,1
Edwardson,8
Efthimiou,7
Eftimiou,1
Egan,169
Eggan,1
Eggerstedt,1
Egglestone,21
Eglinton,76
Eglite,2
Ehmcke,2
Eichinger,3
Eight,2
Eilander,3
Eileen,2
Eimen,1
Eimerl,1
Einthal,3
Eisel,1
Eisele,13
Eisenhut,1
Eisner,7
Ejlak,2
Eka,1
Eke,2
Ekers,5
Ekiert,2
Ekner,1
El-istamboli,1
Elas,1
Elavanalthoduka,1
Elbanna,1
Elbert,1
Elburn,2
Elderton,5
Eldregde,1
Elekes,2
Elekessy,3
Elferkh,1
Elfes,1
Elfstrom,1
Elgeezawy,1
Elhelou,1
Eliasaf,1
Eliassi,1
Elika,1
Eljaroudi,1
Elkhair,2
Elks,1
Elksnat,1
Elkson,3
Ellem,19
Ellston,7
Ellsum,1
Elphick,56
Elrick,16
Elstob,2
Elsworth,6
Eltantavy,1
Elwan,1
Elword,1
Emberg,1
Emberton,2
Embrey,6
Emel,1
Emerton,9
Emllin,1
Emmanuel,7
Emmott,4
Emptage,1
Emson,1
Eneberg,4
Enfield,1
Eng,3
English-obst,1
Engst,3
Enjakovic,3
Ennanenidis,1
Eno-grant,1
Ens,1
Entresz,2
Epari,1
Epasinghe,1
Erdeljac,1
Erett,1
Ernster,1
Errigo,2
Ertzen,1
Eshpeter,1
Esimae,1
Eskandari-marandi,2
Esklund-kaim,1
Eskrigge,2
Eslambolchi,1
Esplen,1
Estacio,1
Estanillo,2
Estcourt,17
Estepa,1
Esterman,1
Estrella,2
Etchell,10
Etheridge,13
Etherington,34
Eton,1
Etschmann,2
Euakittiroj,1
Eubel,2
Euth,2
Evans-street,1
Evans-zijlstra,1
Everding,2
Everett,142
Everill,2
Eversen,3
Every,12
Eves,20
Eveston,6
Evison,12
Ewald,4
Exalto,1
Excell,53
Exell,3
Extremera,3
Eyles,80
Eyre,34
Ezard,4
Ezepina,1
Ezis,3
Faatupuinati,1
Fabbro,14
Fabel,5
Facci,2
Faehse,8
Fagerlund,3
Faggetter,1
Fahey-thomas,1
Fahlberg,2
Fail,1
Fair,16
Fairbrass-king,1
Fairgrieve,1
Fairnington,6
Fajri,1
Fakaris,2
Faker,1
Falcetta,2
Falcione,1
Falcone,1
Falivene,2
Falkous,1
Fallarino,1
Fallo,1
Falting,17
Falusi,2
Falvey,3
Famelis,1
Fancsali,2
Fancsik,1
Fang,7
Fangler,1
Fanner,1
Fanraatree,1
Faraday,1
Farah,15
Farazer,1
Fardell,13
Fargahry-tolba,1
Faria,2
Farleigh,1
Farndell,2
Farnham,26
Farnworth,1
Farokhmehr,1
Farragher,1
Farrajota,1
Farrimond,10
Farronato,2
Faskheev,1
Fassina,10
Fassos,2
Fatah,1
Fatale,1
Fatigati,1
Faulhaber,1
Faull,23
Fauser,43
Favaro,4
Favero,2
Favotti,1
Fawkner,16
Fax,3
Fazis,1
Feakes,1
Fearnall,2
Fearon,7
Feary,5
Feast,48
Febrianto,1
Feciak,3
Feeley,7
Feeney,32
Fehlmann,2
Fehrenbach,2
Fehrmann,2
Feil,12
Feinle,1
Feldbergs,1
Feleppa,16
Felici,5
Felicity,1
Felke,1
Fellner,1
Felmingham,36
Felstead,8
Felten,1
Felton-taylor,1
Felusch,4
Fely,2
Fendy,1
Feneley,9
Fenis,1
Fenlon,1
Fenoughty,3
Fenu,3
Fenwick,76
Fergie,5
Fergus,6
Fergusson-stewart,1
Ferley,1
Fernan,1
Fernance,8
Fernando,26
Ferrar,14
Ferrazzola,4
Ferretti,5
Ferri,7
Ferris,95
Ferrison,1
Ferron,1
Fest,1
Fester,1
Fey,10
Ffrench-rudd,1
Fhoumack,1
Ficara,2
Field-dodgson,1
Fiene,1
Fierinck,1
Fijolek,1
Fikar,1
Filander,1
Filce,4
Filgate,11
Filip,5
Filipetto,1
Filipic,1
Filipov,1
Filipovic,10
Filipovski,1
Filliponi,1
Fimeri,14
Fimmano,8
Finamore,2
Finey,6
Fingas,1
Finlay,137
Finnemore,2
Fiorani,2
Fiorenza,8
Fisher-johnson,1
Fitisemanu,1
Fitt,4
Fittock,12
Fitzimons,1
Fitzpatrick,271
Fizgerald,1
Fizio,1
Fjeldsbo,1
Flacco,2
Flahavan,1
Flamey,1
Flannery,35
Flassman,4
Flatman,15
Flaubert,1
Flaus,3
Fleck,1
Fledge,1
Fleet,48
Flegg,2
Fleischmann,2
Flesfader,2
Fletcher-jones,7
Flockhart,9
Flores,17
Florinis,1
Flowerday,1
Foall,1
Focas,1
Foch,3
Foenander,5
Fogg,27
Fogliano,5
Fokeas,2
Follese,2
Folmer,3
Folo,1
Fondum,3
Foottit,2
Forbes-ewan,2
Forby,12
Forehan,1
Forgie-wendt,2
Forlot,1
Formichella,6
Formigoni,1
Fornachon,1
Fornarino,2
Foronda,1
Forshaw,10
Forsten,1
Forstick,1
Forstner,2
Fortuna,1
Forwood,24
Fosdick,1
Fostiak,2
Fotinos,1
Fotkou,1
Fotopoulos,13
Foulger,1
Fowdry,1
Fowkes,2
Foxall,2
Frada,1
Fraenkel,2
Fragomeli,4
Frahn,77
Frainey,1
Frammartino,1
Francica,1
Frangie,1
Frankiewicz,1
Franklin-browne,2
Frantiesk,1
Frantova,1
Franzin,5
Franzke,1
Frauenfelder,3
Fraval,1
Frazer-oakley,1
Frecker,1
Freeborn,16
Freeburn,3
Freiman,1
French-kennedy,1
Frencham,5
Fretwell,12
Freud,1
Freudenberger,1
Frew,26
Friar,1
Friebel,13
Friedman,8
Friman,1
Frisina,2
Friswell,3
Frits,2
Frnklin,1
Frogley,7
Frohmuller,1
Frolow,5
Fromentin,2
Froomes,1
Froscio,3
Frosina,1
Froud,10
Frundt,1
Frusher,5
Fuamli,1
Fuda,10
Fudali,5
Fuenzalida,1
Fuff,1
Fuhlendorff,2
Fukushim,1
Fule,2
Fulgido,3
Fullam,1
Fullerton,37
Fullgrabe,41
Fullwood,13
Funadiki,1
Furbow,4
Furfari,5
Furing,1
Furmaniak,1
Furnari,3
Furneaux,5
Furner-smith,1
Furness,27
Furseman,3
Furtado,2
Furze,16
Fusco,24
Fusillo,1
Futcher,5
Fysh,14
Gabbert,4
Gabriel-jones,1
Gacek,1
Gade,13
Gaden,11
Gager,2
Gaglioti,2
Gail,4
Gailis,2
Gailor,1
Gaitanis,1
Gajda,8
Galangarri,1
Galantomos,8
Galappaththi,1
Galarneau,1
Galazowski,1
Galbraith,61
Galek,2
Galffy,3
Galgaardt,1
Galich,3
Galinec,4
Galister,1
Gallan,1
Galle,1
Gallehawk,2
Gallichio,1
Gallinsky,2
Gallio,6
Gallirhir,1
Gallizzi,4
Gallman,8
Gallnor,1
Galnadiwuy,1
Gamaly,1
Gambiraza,1
Gambranis,5
Gamlin,19
Ganesharajah,1
Ganev,2
Ganfield,1
Gani,2
Ganibegovic,2
Gannah,1
Gao,17
Garad,1
Garam,2
Garanggar,1
Garard,3
Garas,3
Garbas,1
Garbicz,1
Garcia,83
Garcia-lavarache,1
Gardawan,2
Garden,16
Gardenier,3
Gardoni,1
Garforth,10
Garg,2
Gariglio,1
Garipou,1
Garlett,1
Garnett,33
Garnsey,8
Garran,4
Garrand,1
Garrigan,8
Garrood,5
Garthwaite,2
Gartlan,10
Gartley,1
Gartz,2
Garven,3
Garwell,1
Garzo,2
Gascoigne,18
Gaskin,86
Gaspardis,2
Gasparin,11
Gasset,3
Gastarini,1
Gatcke,1
Gatward,4
Gaugg,2
Gavel,2
Gawanbuy,1
Gawthrop,3
Gayda,1
Gaylard,10
Gaynes,6
Gazley,1
Gazzola,34
Geappen-taylor,1
Gearen,2
Gearin,2
Gearman,7
Gecele,1
Geduld,2
Geertsema,2
Gehling,10
Gehlken,11
Geischek,1
Geissmann,1
Gelati,1
Gelok,2
Gemo,2
Gen,1
Gencheff,3
Gendron,3
General,1
Gengi,1
Genner,5
Genockey,2
Genovese,18
Geo,1
George,480
Georgee,1
Georgeou,2
Georgetti,2
Georgiadis,16
Georgievski,1
Georgios,1
Georgou,1
Geraghty,45
Gerdes,1
Gergely,9
Gerhardt,4
Gerhmann,1
Gerick,3
Germinario,9
Gerogles,1
Gerritsen,13
Gers,6
Gershon,1
Gerste,3
Gerstel,1
Gessner,1
Gethen,1
Getzler,1
Geue,56
Geyash,1
Gfarrick,1
Ghagtaf,1
Ghan,1
Ghanooni,1
Gheller,1
Ghisalberti,1
Ghosn,1
Giacca,1
Giacomo,1
Giagu,1
Giampiccolo,1
Gianakis,5
Giandzis,1
Giannakeas,2
Giannaris,1
Giannes,3
Giannikouris,4
Giannoni,5
Giannopolous,1
Giannos,1
Giannou,2
Giardini,1
Gibb,85
Gibbett,10
Giday,2
Giefdercht,1
Giehl,3
Gielen,3
Gierus,4
Giesen,1
Gigliotti,2
Gigney,31
Gikopoulos,3
Gilbertson,76
Gilcher,3
Gilcrist,10
Gildea,8
Gilfedder,8
Gilfelt,2
Gilian,1
Gilkef,1
Gilkes,22
Gillard,118
Gillert,2
Gilles,13
Gilley,7
Gillick,6
Gillis,25
Gillkum,1
Gilrane,3
Gilsoul,1
Gimamenez,1
Gimbrere,3
Gimoukis,1
Giniotis,2
Gioia,5
Giola,1
Giolbas,1
Gioni,1
Gionis,1
Giordano,9
Giorgatzis,1
Giorginis,2
Giouzelis,2
Girando,2
Girdauskas,1
Girdler,25
Girling,5
Gissing,4
Giuffrida,1
Giuggioli,1
Giugovaz,1
Giunti,1
Giurelli,1
Gladman,14
Gladysz,1
Glascock,1
Glascott,1
Glass,90
Glavach,2
Glazewski,1
Gleissner,2
Glennon,17
Glerum,1
Gliessert,3
Glifos,1
Glinatsis,3
Gliscinski,1
Glisinski,1
Glod,1
Glossop,7
Gloster,6
Glouftsis,10
Gloustfis,1
Glover-smith,2
Glowick,1
Gluck,1
Gluschke,3
Gluszyk,1
Glutz,1
Gnesel,1
Goadsby,1
Gobuccio,1
Gocentas,6
Goczan,2
Gocze,1
Goda,1
Godbier,1
Godding,2
Godfrey,228
Godsiff,1
Goess,3
Goessling,1
Goetze,9
Goffredo,1
Gogel,27
Gogovcev,2
Gohl,13
Goich,1
Golanski,5
Golburn,1
Gold,24
Golden,9
Golder,35
Goldsworthy,166
Golenda,1
Golis,1
Gomerski,2
Gomulka,1
Goncharov,1
Gondzioulis,3
Gonsalex,1
Gontar,2
Gonzales,8
Goodacre,9
Goodchap,1
Goode,143
Gooder,1
Goodeve,1
Goodisson,3
Goodrum,7
Goodwin-jones,1
Goodworth,2
Goonan,8
Goonewardend,1
Gorgolon,1
Gorjan,2
Gorjanc,2
Gornicki,1
Gornunovs,1
Gorog,1
Goryan,2
Gosain,1
Gosztola,1
Gotovac,3
Gottaas,3
Gottliebsen,1
Gottschling,1
Gotz,1
Gou,1
Goubil,1
Goult,5
Gouneau,1
Gourd,10
Gouvoussis,1
Gowers,3
Gowin,2
Gowling,35
Goy,2
Goymour,4
Goz,1
Gozdzik,2
Grabau,1
Grabek,2
Grabler,1
Gracie,15
Gradischer,1
Gradley,1
Graesser,3
Graetzer,3
Grafanakis,2
Grafton,25
Graham-jones,5
Graham-king,1
Grainger,75
Granadurai,1
Granburg,1
Grandal,2
Grandioso,4
Grandison vaughan,1
Graneek,1
Granter,1
Granville-edge,1
Grasse,1
Gratez,1
Gratzis,2
Graue,25
Graus,2
Gravenall,1
Gravis,1
Grawich,1
Gray-grzeszkiewicz,1
Graydon,2
Graziotin,1
Grbovac,2
Grcman,1
Grdobic,1
Gread,1
Greathouse,1
Greatwich,1
Green,1685
Greenacre,2
Greenberg,8
Greenhalgh,52
Greenland,14
Greenleaf,2
Greenshields-hannah,2
Greep,3
Greg,3
Gregorace,2
Gregorevitch,1
Gregori,1
Gregorin,1
Gregorovic,1
Grehan,2
Greig-francis,2
Greiveson,1
Gretschmann,2
Grewar,2
Grewe,1
Grey-skinner,1
Grey-smith,1
Grgurich,1
Grgurovic,5
Grie,1
Grier-smith,1
Grierson,33
Griffen,26
Grigolato,1
Grigorev,1
Grigs,1
Grillas,3
Grillett,24
Grimaldi,8
Grimditch,4
Grimm,30
Grimsell,1
Grimsley,5
Grimstead,1
Grimster,3
Grimwade,12
Grincelis,4
Grindley,10
Griptom,1
Gripton,12
Grisham,1
Grobler,4
Groenewege,8
Groenewoud,4
Groenier,2
Groenveld,9
Gromball,3
Gronow,6
Grooby,7
Grosser,105
Grosskopf,3
Grossman,30
Grosvenor,36
Groves-ordway,1
Grubb,100
Grudnoff,1
Gruener,1
Grummer,1
Grundner,1
Grybowski,3
Grygiel,1
Gryn,1
Grypma,1
Grzesniak,2
Grzybek,1
Guarino,8
Guarino-watson,1
Gudelj,1
Guduguntla,1
Gue,3
Guelzow,2
Guglani,1
Gugushess,1
Guihenneuc,1
Guildea,1
Guiler,2
Guilmarten,1
Gukulurruwuy,1
Gulesserian,1
Gulia,1
Gulin,9
Gullick,2
Gulliver,22
Gully,47
Gultjaeff,3
Gumbys,1
Gunawan,9
Gundogeu,1
Gune,1
Gunillasson,1
Gunnell,3
Gunnlangsson,1
Gunnlaugsson,1
Gunstone,1
Gusain,1
Gush,1
Gushow,1
Gustas,2
Gustini,3
Gustowski,3
Guthridge,10
Gutschi,1
Guyatt,9
Guymer,23
Gwatking,15
Gwyn,2
Gyapjas,1
Gyasi-agyei,1
Gyergyak,1
Gyory,3
Haack,11
Haak,2
Haapakoski,1
Haar,15
Haberfield,12
Haberstich,1
Habtemariam,1
Hackenberg,2
Hacking,1
Hadaj,4
Hadchiti,1
Hadchity,1
Hadnuk,1
Hadsis,1
Haee,1
Haemel,1
Haeusler,26
Haga,1
Hage,106
Hagemann,7
Hagenbruch,3
Hages,5
Haggan,7
Haggett,40
Haghighatjoo,1
Hague,30
Hague-rout,1
Hah,1
Hai van,1
Hainke,1
Haj,1
Hajda,1
Haji,3
Haklar,1
Halamaj,1
Halbe,1
Halberda,1
Halchuk,1
Halestrap,1
Halik,3
Halikos,2
Halimee,1
Halinen,1
Halladay,1
Hallatt,1
Hallegraeff,2
Hallert,1
Hallet,2
Halley,29
Halligan,16
Hallmaier,1
Hallock,2
Haloulos,2
Halvarsen,1
Hambasyi,1
Hamberger,1
Hamblin,10
Hamblyn,4
Hambridge,4
Hamdan,7
Hamel,4
Hamelink,3
Hamers,3
Hamilton-smythe,1
Hamley,9
Hammell,1
Hammer,68
Hammerton,2
Hammill,28
Hammonds,2
Hamon,19
Hamouche,1
Hampsen,1
Hampton-smith,4
Hamrol,3
Hand,115
Handberg,6
Handel,3
Handy,5
Haner,2
Hanigan,19
Haniotis,3
Hank,13
Hanks,25
Hanna,116
Hannaby,1
Hannagan,35
Hannett,6
Hannink,2
Hannus,2
Hanretty,1
Hanselman,3
Hanseon,1
Hansongkram,1
Hantke,5
Hantken,3
Hanxomphou,1
Hap,1
Hapiak,1
Happold,1
Har,2
Haralambos,1
Harald,1
Haraszti,1
Harbard,1
Harbord,4
Harbottle,12
Hardbottle,5
Hardiker,3
Hardono,1
Hare,48
Haren,27
Hargreaves-morris,1
Hargrove,2
Harinen,1
Hariss,2
Harjanta,2
Harkotsikas,3
Harmse,1
Harmston,1
Haroon,1
Harrer,4
Harrington,187
Harris-stone,1
Harrity,4
Harrland,5
Harsing,2
Harslett,13
Hartkop,1
Hartland,18
Hartley-smith,1
Hartzenberg,3
Harvey-fuller,1
Harward,2
Hase,2
Hasenbalg,3
Hashemizadeh,4
Hashmi,2
Haskayne,2
Haskett,32
Hassack,1
Hassall,27
Hassel,1
Hassell,33
Hassfurter,1
Hassold,7
Hathaway,20
Hatherell,3
Hatji,3
Hatsis,1
Hatter,2
Hauff,6
Haughney,2
Haupt,12
Hauripz,3
Hauser,24
Haussen,4
Havelberg,28
Haverfield,4
Havetta,1
Haviv,2
Havrda,1
Havriluk,6
Havu,3
Hawe,2
Hawes,85
Hawke-fitzhardy,3
Hawkers,1
Hawkings,2
Hawkridge,3
Haxton,2
Hayam,1
Hayball,9
Haydock-wilson,2
Haymes,2
Haythorpe,19
Haze,3
Hazell,65
Hazlitt,1
Headon,18
Healsmith,2
Heans,1
Hearde,1
Hearn,76
Heathfield,8
Hebberman,27
Hebisch,1
Heckenberg,5
Hedaux,3
Hede,1
Heenan,22
Heerey,16
Heerschap,1
Heesemans,4
Heesom,1
Heesom-green,1
Hefford,49
Heffron,1
Hegerty,1
Heggan,1
Hegger,1
Heggs,1
Heidrich,38
Heiland,1
Heiligenberg,1
Heilmair,2
Hein-taylor,1
Heinke,1
Heinlaid,1
Heithersay-jones,1
Hekele,2
Hekmeijer,1
Held,6
Helen,5
Helliar,3
Helling,6
Hellyeloard,1
Helmot,2
Hem,4
Hemanth,1
Hemed,1
Hemerka,1
Hemlof,1
Hemmings,40
Hemus,1
Henderson-smith,2
Henderson-wilson,11
Hendie,1
Hendricks,17
Hendriksen,4
Hendy-pooley,3
Heney,2
Henneken,1
Hennicke,4
Hennie,1
Hennigs,3
Hensellek,1
Henshaw,31
Hentze,2
Henzel,2
Heouo,1
Heraud,2
Herbach,1
Herbert,259
Herburt,2
Hercog,1
Herendeen,1
Hereora,1
Hereth,1
Herford,1
Hering,10
Hermans,10
Hermely,1
Hermiston,2
Hermosisima,2
Hern,11
Heron,100
Hersey,32
Herson,1
Hervey,3
Hessler,1
Heuer,9
Heuston,6
Hevera,3
Heweston,1
Hewetson,6
Hewitt-banks,1
Hewittson,1
Hewson,38
Heyer,13
Heyes,21
Heyhoe,1
Hiam,1
Hibenic,1
Hibibis,1
Hick,20
Hicki,2
Hickinbotham,6
Hide,4
Higges,1
Higgin,1
Highet,28
Highfield,9
Highfold,3
Highmore,4
Highson,1
Higlett,3
Hignett,10
Hildenhagen,1
Hill-smith,10
Hillary,10
Hilleson,1
Hills-wright,1
Hillsdon,1
Hilsberg,2
Hilton,114
Hiltula,1
Hinchcliff,5
Hinchey,11
Hinchliff,1
Hindess,1
Hindley,14
Hindmarch,9
Hingee,2
Hingston,132
Hinks,22
Hinksman,1
Hinkston,1
Hinterreiter,1
Hipkiss,11
Hiras,4
Hirose,3
Hirota,2
Hirschfield,2
Hirschman,1
Hirsimaki,1
Hirsinger,3
Hirstle,1
Hirvihalme,2
Hirzel,2
Hiscoke,2
Hiscox,11
Hislop,31
Hissan,1
Hitchenor,2
Hiu,1
Hlawa,2
Hlawatsch,1
Hnarakis,4
Ho,128
Hoang,46
Hoaresykes,1
Hobbis,3
Hobill,1
Hobson,85
Hochstadter,1
Hochuli,8
Hochwimmer,1
Hodby,12
Hodgens,9
Hodgy,1
Hodor,1
Hoebee,3
Hoebergen,4
Hoehne,3
Hoeller,2
Hoelmer,3
Hoepfner,5
Hoerner,4
Hoffman,132
Hofhuis,3
Hog,1
Hoger,2
Hoggan,5
Hogge,1
Hohn,6
Hoistech,1
Hol,1
Holasek,2
Holberry,1
Holbery,1
Holbrow,2
Holburn,3
Holdenby,1
Holderhead,4
Holer,5
Holgar,1
Holgate,23
Holland-dukes,1
Hollett,2
Hollind,1
Hollowood,1
Hollworth,1
Holme,25
Holmyard,8
Holna,1
Holoubek,2
Holsten,3
Holthuis,3
Holweg,4
Holwill,2
Holyhrim,1
Holyoak,15
Holyoake,3
Holzbauer,2
Holzner,3
Homann,12
Homles,1
Homolya,1
Hompoth,1
Hondrovasilopoulos,2
Honeychurch,29
Honig-kangoo,1
Honold,1
Hoogendoorn,3
Hoogesteger,1
Hoogvliet,1
Hoover,2
Hope,180
Hoque,2
Horance,1
Horkings,4
Horriat,2
Horsley,21
Horstler,1
Horswill,4
Horta,1
Horvathe,1
Hosgood,8
Hoshino,1
Hosne,1
Hosneara,1
Hoss,1
Hostler,2
Hotich,1
Hotota,1
Houillon,1
Houldsworth,5
Houllis,2
Houlson,3
Houssenloge,1
Houweling,2
Hoving,2
Howie,104
Howlet,1
Hows,2
Howser,1
Hoyland,5
Hoysted,3
Hozha,1
Hristodoulou,1
Hruby,1
Hrynaewiecki,1
Hrynczuk,1
Hsin,1
Hubczenko,2
Hubner,3
Hudd,20
Huddy,45
Huebner,9
Hueneke,2
Huettenrauch,1
Hugelmann,1
Hugen,3
Huggins,22
Huggonson,2
Hughston-wynne,1
Hujsak,1
Hukowskyj,1
Hulands,3
Hulanicki,2
Hulley,2
Hully,1
Hulston,2
Humberdross,5
Humphars,1
Humphreys,93
Humpreys,2
Hund,1
Hunns,1
Hunting,5
Hurem,4
Hurkett,2
Hurl,3
Hursey,20
Huseinovic,1
Hushi,1
Husseini,1
Huster,1
Husy,1
Hutcheson,19
Hutchieson,1
Hutchines,1
Hutiuk,3
Hutten,1
Huttlestone,2
Huupponen,1
Huverova,1
Huxley,59
Huynhn,1
Huysse,2
Hyakutake,1
Hygonnet,1
Hyland,198
Hyles,10
Hyrycz,3
Iacopetta,12
Iancar,2
Iasenzaniro,1
Idai,1
Idini,1
Idris,3
Idzikowski,4
Ierodiaconou,1
Iffland,2
Igag,1
Ihnatko,1
Ikea,1
Ikeda,6
Ikeguchi,1
Ikonomou,11
Ikpatt,1
Ilczak,1
Ileris,1
Ilgen,2
Ilicak,1
Ilievski,2
Iliffe,6
Iliopoulos,4
Ilitch,1
Ilmberger,1
Imanian,1
Imgraben,4
Imhof,2
Imire,1
Imison,2
Inall,6
Indelicato,1
Indielid,1
Inge,6
Ingels,2
Inglas,1
Inglebret,1
Inglese,3
Ingley,1
Innis,9
Innocenti,1
Inserra,1
Inski,1
Insley,2
Intrapanya,2
Inveen,3
Iolovska,1
Ionnidis,1
Ions,1
Iovino,7
Ippoliti,3
Irizarry,3
Irons,19
Irudayaraj,1
Irving-rodgers,1
Is,1
Isakov,2
Isgro,1
Ishak,1
Isio,1
Iskra,3
Ismakic,2
Isobelle,1
Isola,4
Issell,2
Iswaran,1
Itinisoff,1
Ito,3
Iuka,1
Iussa,2
Ivanco,1
Ivar,2
Ivers,9
Iviglia,1
Iwase,1
Jablouskas,1
Jackermis,2
Jackett,4
Jacmon,2
Jacobus,1
Jacues,1
Jacura,2
Jadana,1
Jaeck,1
Jaffar,1
Jaffe,1
Jaffres,1
Jagodnik,2
Jagodzinski,1
Jahic,4
Jakab,1
Jakimow,2
Jakiwczyk,1
Jaktman,2
Jalayer,1
Jaldiani,1
Jamaludin,1
James-palmer,1
Jaminon,1
Jancek,2
Janda,5
Jandrea,1
Janejka,2
Janet,1
Jang,6
Janicek,1
Jankiwsky,1
Jankunas,1
Jankus,6
Janowicz,4
Janowska,1
Janowski,2
Janusz,1
Janzso,2
Jaquiery,1
Jaquillard,2
Jardine,24
Jaric,2
Jarick,2
Jasniach,2
Jaudzems,6
Jayaraman,2
Jayaswal,1
Jean,11
Jeandupeux,1
Jedynak,3
Jefferys,8
Jeffreson,4
Jeffries,139
Jehle,3
Jehne,1
Jeitner,1
Jelenkovic,1
Jelk,1
Jember,1
Jenei,1
Jenje,1
Jenko,4
Jennion,1
Jennions,1
Jenvey,2
Jermolajew,1
Jervis,24
Jeschke,5
Jessen,14
Jesser,40
Jessup,97
Jesurasingham,1
Jetter,1
Jevons,5
Jewkes,1
Jeyathevan,1
Jeziorski,1
Jezzard,1
Jiang,14
Jigede,1
Jiggens,1
Jillian,1
Jimenea,4
Jinks,12
Jinmauliya,1
Jirgens,1
Jnguye nphamhh,1
Joannou,11
Joaquim,1
Jobber,3
Jobbins,5
Jocobson,1
Joel,4
Joergensen,1
Joinbee,1
Jolly,301
Jolta,1
Joly,1
Jonauskas,3
Jongebloed,5
Jongewaard,5
Jongh,1
Jonjic,1
Jonnek,2
Jonsson-harrison,1
Joraslafsky,14
Jorge,1
Jorkowski,1
Jormanainen,1
Joseland,1
Joselin,1
Jouravlev,1
Jovanovitch,1
Jovcic,1
Jover,2
Jovicic,1
Jozefowski,1
Jozelich,2
Jozic,1
Jozwa,2
Ju,2
Juanta,4
Judkins,2
Juel,1
Jugovac,5
Jukic,13
Julavdzija,1
Julge,2
Julian-bailey,1
Julius,4
Juma,2
Jumamoy,1
Junge,1
Jungkyu,1
Juntanamalaga,2
Jurant,1
Juraschek,2
Jurdi,1
Jurenka,2
Juric,12
Jurrah,1
Juskevics,2
Juskevisc,1
Juzuf,1
Kacic-bartulovic,1
Kacir,1
Kacopieros,1
Kaddatz,2
Kaderes,4
Kadii,1
Kaegai,1
Kahadugoda,2
Kahfi,1
Kahl-smith,1
Kahlon,4
Kahnert,1
Kaholi,1
Kaim,2
Kaithakulam,1
Kakakios,1
Kakko,5
Kalaburnis,2
Kalamaris,1
Kalambakas,1
Kaldy,4
Kaleb,4
Kalend,1
Kalicinski,1
Kalinowski,8
Kalirajan,1
Kalistis,1
Kalitsounakis,2
Kaljovic,1
Kalka,2
Kallis,2
Kalma,2
Kalmus,3
Kalnins,17
Kalogerakos,2
Kalogeras,5
Kambitsis,1
Kambouras,1
Kaminskas,5
Kamler,1
Kammerman,10
Kammermann,41
Kamp,10
Kamruzzaman,1
Kanagasabai,1
Kandunias,1
Kaneilopoulos,1
Kanellos,7
Kaney,1
Kang,19
Kania,1
Kanikula,2
Kanizay,3
Kannangara,3
Kannikorn,1
Kantamessa,1
Kanter,1
Kao,4
Kapadia,1
Kapeen,1
Kapel,2
Kapeller,7
Kapetina,1
Kapioldassis,1
Kaplan,7
Kaplanis,1
Kaploon,2
Kapoor,5
Kappe,2
Kapusniak,1
Karadinovski,1
Karafilidis,1
Karafilis,1
Karafilloudis,1
Karafyllis,1
Karahalios,5
Karakoulakis,2
Karalus,2
Karamanakis,1
Karanikolis,1
Karantonis,3
Karasavas,2
Karatasakis,1
Karaterpos,1
Karauda,1
Kardwell,1
Karimizandi,1
Karipa,1
Karkatsalis,1
Karkazis,3
Karling,2
Karlovcec,1
Karlsen,5
Karolewski,1
Karoussis,4
Karpa,1
Karpathios,4
Karpfen,3
Karppinen,1
Karrannis,1
Kars,1
Karstaedt,1
Karunadasa,1
Karvelas,2
Karvounaris,1
Kasch,1
Kasehagen,5
Kaselow,3
Kasinathan,2
Kasotakis,1
Kaspar,3
Kassai,2
Kassir,1
Kassos,5
Kassoudakis,1
Kastelan,1
Kastelik,2
Kastrappis,3
Katarski,5
Katesook,2
Katnich,3
Katracis,1
Katsaitis,2
Katsiavos,4
Katsicologos,1
Katsikas,1
Kattas,2
Katzer,1
Kaufman,10
Kaufman hall,4
Kauhanen,2
Kaukov,1
Kaun,1
Kaunesis,2
Kava,3
Kavaleris,1
Kavals,1
Kaveberg,1
Kavouklis,1
Kaw,2
Kawan,1
Kaxhiro,1
Kaylock,6
Kayser,14
Kayvas,1
Kazimir,1
Keane-stack,1
Keaney,3
Keany,7
Kearnes,10
Keatch,9
Kecskes,1
Keeble-buckle,1
Keel,3
Keelty,1
Keepence,3
Kees,2
Kegge,1
Keiski,1
Keith-ladhams,1
Kelaart,3
Kelakios,3
Keldher,1
Kellar,4
Kellerman-clarke,1
Kelley,61
Kellogg,3
Kellow,22
Kemenyvary,4
Kemish,1
Kemmif,1
Kempe,36
Kempson,10
Kempton,15
Kemsley,7
Kenafacke,1
Kenakidis,2
Kenche,1
Kennaway,7
Kennealy,9
Kennerley,7
Kennion,1
Kennison,5
Kenpster,1
Kent-burford,1
Kentsch,1
Keoh,1
Kepple,1
Kerbellec,1
Keri,3
Kerkham,22
Kerkhoff,3
Kerkhofs,1
Kerkvliet,2
Kerley,47
Kermeen,9
Kerney,3
Kernutt,1
Kerr-sullivan,2
Kerrod,1
Kerschke,2
Kerslake,56
Kerslake-ling,2
Kert,1
Kervers,4
Kesseck,1
Kessegian,1
Kestermann,1
Ketelaars,1
Ketoglou,1
Ketter,1
Kettewell,2
Kettleton,1
Kevic,1
Keville,1
Kexel,1
Keyhoe,1
Keyworth,1
Khaleeq,1
Khalid,2
Khaliq,1
Khalu,1
Khammash,5
Khanbhai,1
Khandker,1
Khanthavongsa,4
Khelghati,1
Khider,1
Khodan,1
Khom,1
Khouzan,1
Khuc,3
Khut,2
Kibby,1
Kibukamusoke,1
Kiczurczak,2
Kidner,3
Kidsley,2
Kiea,1
Kiebach,1
Kiek,2
Kielczewski,1
Kielstra,1
Kiernan,18
Kiesewetter,2
Kight,1
Kiker,1
Kilbuen,1
Kilby,37
Kilham,2
Killick-moran,1
Killin,3
Killingbeck,3
Killington,1
Killip,2
Kilmartin,21
Kilponen,1
Kimmonth,1
Kinal,1
Kincaid,5
Kindavong,2
Kindblad,2
King-harris,1
King-jones,3
Kinghorn,4
Kingscott,1
Kingsley,26
Kingswell,3
Kinnane,31
Kinniburgh,2
Kinniff,2
Kinsele,1
Kinter,11
Kinzett,2
Kiosses,11
Kioussis,2
Kirana,1
Kirasak,1
Kirby-fahey,2
Kirchener,2
Kireev,1
Kirimovs,1
Kiripolszki,2
Kirkmoe,3
Kirkness,1
Kiroff,3
Kirste,1
Kirton,3
Kisch,1
Kiss,28
Kissling,1
Kitas,1
Kitche,1
Kitney,1
Kitzelmann,1
Kiukucans,1
Kivrins,1
Kiziridis,1
Kizmanic,1
Kjaer,1
Klanarong,1
Klander,3
Klees,2
Kleiner,4
Kleinstueck,1
Klekociuk,5
Klemencic,3
Klemm,51
Klemse,1
Kleve,1
Kliem,2
Klimkiewicz,1
Klimowski,1
Klingohr,1
Klinovski,5
Klintukh,1
Klisch,2
Kljaic,1
Klopfer,1
Kloth,1
Kloubek,3
Kluge-vass,1
Klugman,2
Klus,2
Kluske,41
Kmitas,1
Knapman,13
Knappstein,17
Kneal,2
Knell,1
Knerr,1
Knipler,1
Knoblich,1
Knockolds,1
Knoester,2
Knoing,1
Knopf,1
Knowling,16
Knuplez,1
Knynenburg,2
Kobotheclas,2
Kobus,1
Kochiwama,1
Kocholla,1
Kocini,1
Koeford,1
Koelman,4
Koeman,1
Koenders,6
Koennacke,1
Koerbin,6
Kofler,2
Kogon,1
Kohansal,1
Koivisto,1
Kokins,1
Kokkotos,3
Koklas,1
Kokorinos,3
Kolabinski,3
Koldea,1
Koldej,1
Kolednik,2
Kolodina,1
Kolodziejczky,1
Kolosche,5
Kolowca,1
Kolton,1
Kolze,2
Komaris,1
Komenza,1
Kominek,2
Komsic,2
Kon,6
Kondakov,2
Kondo,1
Kondraciuk,1
Kondratavicius,2
Kondylakis,1
Kongkerntune,1
Kongmalavong,2
Konistis,2
Konitsis,1
Konopacki,2
Konstad,4
Konstantinopoulos,1
Kontibas,4
Kontogonis,6
Kontopoulos,6
Koolen,3
Koopman,17
Kooyman,7
Kooymans,5
Kopecki,3
Kopernick,1
Kopetow,2
Kopievsky,2
Kopilas,2
Koppan,3
Koral,4
Koranjis,1
Korbut,2
Kordic,2
Korff,8
Korfia,1
Koricic,1
Korman,1
Kormendy,1
Kornetzke,2
Korniotakis,1
Korolija,1
Korompay,1
Koroneos,1
Korponay,1
Korrelvink,1
Korth,1
Kosch,4
Koschelew,3
Kosewicz,1
Kosich,1
Kositcin,2
Koslowicz,3
Kostantakis,2
Kostaras,1
Kostelnik,1
Kostoff,5
Kostovski,2
Kostrej,1
Kostrzynski,2
Koszorus,2
Kotal,4
Kotaro,1
Koteschel,2
Kothe,3
Kotowski,2
Kotsiomitis,2
Kotsomitis,1
Kotzbeck,1
Kotze,4
Kouba,4
Kouimanis,5
Koulenios,1
Koulianos,12
Koulizos,5
Koundouzis,1
Kounis,5
Kountourogiannis,1
Kourou,2
Kousiandas,3
Koussidis,2
Koutlakis,8
Koutoulogenis,1
Koutsaimanis,1
Koutsoubos,1
Kouvelis,1
Kouvoussis,2
Kouzaba,2
Kovacic,17
Kowald,65
Kowanko,2
Kowcza,1
Kowlessar,1
Kowplos,2
Kowtun,3
Koziol,8
Kozlowska,1
Kozoolin,4
Kozubiewicz,1
Kozuh,1
Kradolfer,4
Kragelius,1
Krajcinger,1
Krajewski,3
Krajnc,2
Kraly,1
Krambousanos,1
Kramsamy,1
Kranenborg,2
Kranic,3
Kranz,41
Krasioukova,1
Krasts,1
Kratschmer,1
Kratz,1
Kratzer,1
Krauklis,1
Kray,2
Krecinic,1
Krecmanis,1
Krecu,3
Kreft,2
Kreibig,4
Kremneff,4
Krempl,1
Krenske,2
Kreymborg,2
Kriaris,2
Kriekenbeek,3
Kriesel,1
Krige,2
Krile,3
Krishnan,9
Krishnananthan,1
Krist,4
Kristalyn,1
Kristens,1
Kristoff,1
Krisvoshev,1
Krivenkov,1
Krivitch,1
Krivushenko,1
Krix,6
Krochmal,1
Krollig,29
Krombholtz,1
Kromwyk,8
Krone,1
Kronquist,1
Kroopin,1
Kropinyeri,5
Kropman,1
Krouch,1
Kruck,2
Kruhse,4
Krupa,2
Krvavac,1
Krzemionka,1
Krzempek,1
Krzoska,1
Krzys,5
Krzyszton,1
Kubenk,11
Kudahl,1
Kue,1
Kuehlich,2
Kueval,1
Kuhadasan,1
Kuhlwind,1
Kuhndt,8
Kuiters,1
Kujala,1
Kuki,1
Kukla,3
Kuklin,1
Kulacz,3
Kulas,11
Kulbach,2
Kulesza,8
Kulikovsky,4
Kulkarni,1
Kullmann,1
Kulshrestha,2
Kuma,1
Kumaran,1
Kumaranayakam,1
Kumarasamy,2
Kumpus,3
Kunia,1
Kunik,1
Kunoth,10
Kupcs,1
Kuras,2
Kurasiak,1
Kurr,4
Kusel,1
Kushelew,3
Kushnir,2
Kuskie,2
Kusnezow,3
Kustrin,1
Kusuma,2
Kusunoki,2
Kutni,1
Kutschki,2
Kutzmanovic,1
Kuzmicz,1
Kuzmycz,2
Kuzniarski,3
Kvapil,1
Kwesius,1
Kwiatek,3
Kwik,2
Kwoun,1
Kyne,4
Kyprianoy,1
Kypriz,1
Kyratzoulis,3
Kyriacou,48
Kyriakos,1
Kyriakou,2
La falce,3
La lande,1
La palombara,3
La porte,2
La rance,2
La roche,5
La tone,1
La-kryz,1
Laanekorb,2
Labarthe,1
Lablack,5
Labrin,2
Labrinadis,1
Laburn,5
Lacanan,1
Lace,8
Lacis,2
Lackner,6
Laczko,1
Ladaniwskyj,3
Lademan,7
Ladgrove,1
Ladiges,1
Ladyman,5
Laferi,1
Laforet,1
Lafsky,2
Lagarde,1
Lagerewskij,6
Laggan,1
Lagrone,1
Lahey,24
Lahska,1
Lahz,3
Laik,1
Lail,2
Lainez,1
Laing,112
Lajos,3
Lakis,1
Lalagaresi,1
Lalusic,5
Lamacka,2
Lambden-stewart,3
Lambert-smith,2
Lamberton,6
Lambertus,1
Lamborn,3
Lamborne,2
Lambrinos,6
Lambropoulos,9
Lambton-young,1
Lamdin,2
Lamkin,7
Lamonaca,2
Lamotte,1
Lamprell,3
Lamprey,74
Lamprill,3
Landau,10
Landauer,2
Landhurr,1
Landini,1
Lando,3
Landon-lane,1
Landone,1
Landow,1
Laney,8
Langer,9
Langi,1
Lango,2
Langrehr,6
Laning,12
Lansbury,1
Lansdell,19
Lansford,1
Lante,6
Lantzke,3
Lanyon,38
Lanzotti,6
Laohaphan,1
Lapic,1
Lapico,1
Lapienis,1
Lapies,2
Lapsley,3
Laraibi,1
Larder,1
Larenas,4
Larg,2
Large,59
Laria,5
Larocca,4
Larrisa,1
Larslen,1
Lasalle,1
Lascala,1
Laskaridis,2
Lass,1
Latchmi,1
Lategui,1
Latella,4
Lath,1
Lather,1
Lathouras,6
Lathouros,3
Latifi,1
Latzer,1
Lauchlan,1
Laucht,2
Laudereau,1
Lauffenburger,1
Laughlan,2
Laundon,4
Laundy,27
Laurendi,4
Lauret,1
Laurier,1
Laurikainen,2
Lauss,2
Lavel,1
Lavender,34
Laverick,7
Laverty,46
Lavigne,3
Lavingdale,1
Lavis,27
Lavokovic,1
Lavrencic,4
Lawsuba,1
Lays,1
Lazaraki,5
Lazare,2
Lazaric,1
Lazaroff,8
Lazauskas,2
Lazir,2
Le bars,1
Le bombte,1
Le cooke,1
Le goy,1
Le grand,6
Le griffon,1
Le guern,1
Le lacheur,3
Le leu,9
Le lievre,18
Le messurier,19
Le mottee,3
Le-che,1
Le-leu,1
Leadbeatter,1
Leaf-milham,2
Leaford,4
Leah,4
Leamy,1
Leane,64
Lease,2
Leatham,4
Leaver,58
Leavold,2
Lebani,1
Leblond,3
Lebretton,1
Lebrique,3
Lechki,1
Lecke,1
Lecky,1
Lederthoug,1
Ledeunff,1
Leditschke,16
Ledsham,2
Ledwell,4
Lee-jones,1
Leembruggen,1
Leesong,6
Leesue,4
Leeuwenburg,3
Leferink,1
Leger,2
Leggio,3
Legzdins,1
Lehane,6
Leicester,16
Leicht,3
Leishman,21
Leissner,1
Leitis,4
Leleika,1
Lelic,1
Lelievre,1
Lember,1
Lemke,12
Lemmer,4
Lemonn,1
Lena,8
Lenart,1
Lenartowicz,7
Leney,1
Lengerink,1
Lennig,1
Lenzi,10
Leon,22
Leonardi,12
Leonardos,5
Leonavicius,4
Leong,56
Leoni,4
Leonid,1
Leppard,15
Lero,3
Leroi,2
Lerwill,1
Les,4
Leschner,1
Lesevre,2
Lesinger,1
Lesiuk,5
Lesiw,1
Lesker,1
Leslie,181
Lesurf,1
Leszczynski,8
Lete,1
Letford,4
Lette,39
Leung,59
Leupi,2
Leveritt,1
Levet,2
Levicki,1
Levykin,1
Lewan,7
Lewincamp,3
Lewis-brown,1
Lewis-shaw,1
Lewkowicz,6
Leybourn,1
Leythamm,1
Liambis,3
Liapis,8
Liar,1
Liaudinskas,2
Liberts,4
Libikas,1
Librandi,24
Licciardello,2
Liccioni,1
Lichacz,1
Licitis,3
Licourinos,1
Liddy,44
Lieben,2
Liebenberg,1
Liepe,1
Liersch,17
Liesegang,1
Lifshack,4
Ligas,5
Lighten,3
Liguoro,3
Lihou,13
Lilee,1
Lill,19
Lillicrap,2
Lillie-hinrichs,1
Lilly,2
Lillycrapp,1
Limbach,1
Limbert,16
Linberg,2
Lindau,2
Lindesay,1
Lindeyer,1
Lindholm,15
Lindorff,1
Lindschau,5
Linedale,2
Lingbeek,3
Linggood,2
Linnell,29
Linssen,5
Linwood,2
Liolios,4
Lionis,7
Lipinski,4
Lipovic,1
Lippett,7
Lipscomb,4
Lipscombe,29
Lipsett,4
Lipton,5
Lira-gonzalez,1
Lisacek,3
Lisiak,6
Lisners,1
Lisowski,2
Lissner,10
Lisy,1
Liteplo,1
Litfin,1
Litten,3
Littge,1
Littlely,7
Littman,3
Liuzzo,1
Lizzi,1
Ljevak,1
Ljostad,2
Ljubic,7
Ljubisic,1
Lloydd-wright,2
Lo-sapio,1
Lobert,2
Lobzin,6
Lock,282
Lodder,5
Lodge,149
Lodiong,2
Lodovici,2
Lodum,1
Loeding,1
Loehr,4
Loggie,2
Logli,2
Logvinski,1
Lohberger,2
Lohe,7
Lohmann,15
Loke,6
Lokusooriya,1
Loli,1
Lolias,1
Lombardi,47
Lomman,70
Lomp,2
Londesborough,1
Londrigan,1
Longden,19
Longhurst,32
Longman,28
Longo,51
Lonie,10
Lontoc,1
Loofs-wissowa,1
Loomes,2
Loong,1
Loos,3
Loosmore,9
Lootens,1
Loprespi,1
Lorraway,1
Losberg,1
Losco,1
Lotswin,1
Lotu,1
Louca,8
Loughrey,1
Loukes,3
Loukopoulos,3
Louloudias,1
Lount,3
Loupos,1
Loutakis,1
Loutsis,1
Loveland,3
Lovelock,54
Loverence,2
Lovi,1
Lowe,574
Lowrence,1
Lowry,82
Lowson,3
Lozoraitis,2
Lu-bow,1
Lu-dizon,1
Lubawy,3
Lubbe,4
Lubulwa,2
Lucadou wells,2
Lucas-perring,2
Luchetti,3
Luchko,1
Luckens,5
Luckman,17
Lucock,4
Lucyk,1
Luddy,2
Ludeke,4
Ludgate,17
Ludowici,1
Ludski,1
Ludzioweit,2
Luglaetti,1
Lugsden,2
Luher,1
Lukasiewicz,1
Lukaszewacz,1
Lukehurst,5
Lukeman,8
Lukomski,1
Lukomskyj,1
Lukosius,5
Lukunic,1
Lumabas,1
Lumbars,1
Lume,2
Lund,38
Lungershausen,2
Lungwitz,1
Lunter,1
Lupoi,10
Lupone,1
Lusambili,2
Lusted,12
Luteria,1
Luters,1
Luthra,2
Lutz,30
Luvisi,1
Luyendyk,1
Luzecki,3
Lvarga,1
Lyddon,4
Lyden,20
Lydon,7
Lygtenberg,1
Lyllywhite,1
Lymberis,5
Lynema,3
Lyntch,1
Lynton-moll,1
Ma,40
Ma'ake,1
Maasepp,1
Maax,1
Maberley,1
Mabokmarial,1
Mac an,1
Mac crosty,3
Mac donell,4
Mac gennhan,1
Mac ginley,1
Mac h,4
Mac halski,1
Mac hentsew,1
Mac kell,3
Mac kinder,4
Mac knight,2
Mac krow,2
Mac leavy,1
Mac neal,1
Mac neill,6
Mac onochie,2
Mac partland,1
Mac quarrie,1
Mac ura,1
Macarlino,3
Maccann,1
Maccrum,1
Macgowan,32
Macha,1
Mackinlay,10
Mackowiack,1
Maclaine,17
Maclel,1
Maclennan,12
Maclucas,5
Macphail,4
Macraild,1
Maczkowiack,38
Madadi,1
Maddecks,1
Maddon,2
Madeira,1
Madera,2
Madge,6
Madhaven nair,1
Madigan,73
Maetze,4
Mafopust,1
Mafra,1
Magaletta,2
Maganga,1
Magaton,1
Magaw,1
Magazin,4
Mager,3
Magerl,2
Magnusdottir,1
Magripilis,3
Mahaffey,3
Mahajani,1
Mahamoud,2
Mahim,1
Mahmoud,4
Mahmud,2
Mahomed-gleeson,1
Mahon,38
Mahony,61
Maida,2
Maier,32
Maihua,1
Mailo,1
Mainero,2
Maingay,3
Maingot,2
Mainprize,3
Mainsbridge,8
Mainwood,1
Maitianos,5
Maizen,2
Majchrowska,1
Majdak,2
Majdandzic,1
Majetic,4
Majid,3
Majidi,1
Makarouchkine,1
Makedonez,1
Makina,1
Makkonen,2
Makovetsky,2
Makropoulos,1
Maksim,2
Malabar,1
Malack,1
Malala,1
Malbasic,3
Malbon,3
Malcholm,3
Malcolmson,1
Malcos,1
Maleganeas,2
Malesic,1
Maleszka,1
Malev,1
Malibiran,1
Maliel,1
Malin,21
Malinauskas,2
Malingre,1
Maliphongs,1
Maliyasena,1
Maljik,2
Malkoun,1
Malladi,1
Malliff,1
Mallion,1
Malloch,2
Malloney,2
Malor,2
Malpas,15
Maltman,3
Malvern,1
Malvestuto,1
Malzard,6
Mamac,1
Mamarika,8
Mamczak,1
Manalac,1
Mancic,1
Manconi,1
Mandica,6
Mandry,1
Mandusic,1
Manfield,32
Manfong,3
Mangafas,1
Mangels,2
Manger,3
Mangini,3
Manias,5
Manicastri,1
Maniotto,1
Manisty,1
Manita,1
Manivone,1
Mankowski,1
Mannern,1
Manock,3
Manos,13
Manousos,2
Mansford,2
Manskey,5
Manson,82
Mansoori,2
Manteit,1
Mantel,3
Manthongsy,2
Manthorpe,18
Mantovan,2
Mantovano,3
Manyem,1
Manzie,5
Mao,11
Mapham,4
Mappas,1
Mapstone,2
Mar fan,1
Marado,1
Marampon,1
Marc,1
Marcaros,2
Marceau,3
Marceta,2
Marchenko,1
Marchetto,2
Marchiori,1
Marcic,2
Marcola,1
Marczuk,2
Margles,1
Margrie,7
Margriso,1
Margush,4
Mariager,2
Marilyn,1
Marin-ulloa,1
Marina,2
Marine,1
Mariner-schrenk,1
Marinos,19
Marjoribanks,4
Markakis,2
Markellos,5
Markijevic,1
Marklew,1
Markotany,7
Markoulli,2
Markov,7
Markowski,14
Markulic,1
Marlow,40
Marous,4
Marousakis,1
Marovich,1
Marpaung,1
Marrable,3
Marring,1
Marris,11
Marroncelli,2
Marsella,2
Marshal,5
Marshell,3
Marshman,48
Marsom,1
Marson,14
Marson-pidgeon,1
Martello,2
Martin-jard,1
Martinello,9
Martinic,1
Martinovic,9
Martinson,7
Martlow,3
Marveggio,2
Marvell,3
Marwaha,1
Marzec,5
Marzilli,2
Masciantonio,2
Masen,2
Mashberg,1
Masiello,1
Masitto,1
Maskiell,3
Maslac,1
Maslich,1
Masnicki,1
Masolatti,2
Mason,790
Mason-foweraker,1
Massara,1
Massoumi,1
Mastantuono,3
Mastin-smith,2
Mastins,1
Mastripolito,1
Mastrippolito,1
Mastroieni,2
Mastrosavas,4
Mataj,1
Mate,6
Mateos,2
Matern,2
Mathason,2
Mathe,6
Matias,3
Matisz,1
Matoga,4
Matson,49
Matthews,1029
Matthiessen,6
Matuschik,1
Matzka,1
Maureen,1
Mauric,3
Mavity,1
Mavrangelos,3
Mavrogenes,1
Mavromihalis,2
Mawlai,2
Mayer,52
Mayling,1
Mayman,9
Maymuru,3
Maynard,232
Maytisathit,1
Maytum,1
Mazek,1
Maziakowski,2
Mazionis,1
Mazitelli,1
Mazurek,10
Mazurkiewicz,7
Mazzocchetti,2
Mazzon,1
Mazzone,47
Mcahon,1
Mcallion,1
Mcandrew,13
Mcanna,2
Mcard,2
Mcaulisse,1
Mcauslan,4
Mcbryde,14
Mccaffrey,19
Mccagh,1
Mccalman,3
Mccalum,1
Mccambley,1
Mccandlish,1
Mccarter,7
Mccarthy,620
Mccaskil,1
Mccausland,12
Mcclare,3
Mcclarty,4
Mcclatchy,1
Mcclay,8
Mcclelan,1
Mcclelland,52
Mccloskey,6
Mccol,1
Mccollam,3
Mccolough,1
Mccombe,7
Mccombes,1
Mccomiskie,1
Mcconnal,1
Mcconnel,4
Mcconvell,1
Mccosker,6
Mccourtie,4
Mccowat,5
Mccracken,43
Mccrohan,4
Mccrum,3
Mccully,6
Mccurdy,9
Mcdaid,3
Mcdermid,18
Mcdermitt,1
Mcdonnell-davis,1
Mcduffie,2
Mcelhinney,8
Mcelwee,26
Mcentyre,1
Mcfadden,32
Mcfeeters,8
Mcgahey,9
Mcgain,1
Mcgargil,1
Mcgarrigan,13
Mcgarty,2
Mcgilchrist,4
Mcginity,4
Mcgirr,8
Mcglinn,7
Mcgrechan,1
Mcgregor,277
Mcguren,1
Mcgurk,18
Mchenry,36
Mchughes,4
Mchutchinson,1
Mcilvain,1
Mcilvar,5
Mcilvride,1
Mcinerney-smith,1
Mcinnes-shelley,1
Mcjannett,6
Mckaig,2
Mckane,9
Mckanna,1
Mckearney,2
Mckerlie,37
Mckiernan,8
Mckimm,1
Mckinnell,23
Mckirdy,5
Mckitrick,1
Mckone,9
Mckoy,1
Mclachlam,1
Mclafferty,6
Mclaine,12
Mclaren-gates,1
Mclarty,5
Mclelland,11
Mclennan-heigl,1
Mclochlan,1
Mcloed,1
Mcmahan,1
Mcmanaway,1
Mcmasters,1
Mcmellon,7
Mcmullen,53
Mcmurdo,8
Mcneeley,2
Mcneill,106
Mcnicholl,10
Mcnidholl,1
Mcpeace,1
Mcphail,49
Mcpharline,1
Mcphie,15
Mcqualtei,1
Mcsheffrey,2
Mcsorley,7
Mcsporran,8
Mcstay,1
Mcsweyn,3
Mctague,1
Mctier,4
Mcturk,7
Mcveigh,16
Mcvey,13
Mcvicar,28
Mcvilly,27
Mcwhirter-whitlock,1
Mdonald,1
Meaby,1
Meachan,3
Meacher,1
Meacle,1
Meadows,40
Meager,2
Meale,8
Meaney,101
Meares,11
Mearns,8
Mech,2
Medaris,1
Medcof,1
Meddings-blaskett,3
Mediratta,1
Mednis,4
Medved,5
Medwig,1
Meeking,5
Mees,5
Meffre,1
Megic,1
Megovimovic,1
Megram,1
Meidl,1
Meijs,1
Meinecke,2
Meinhold,4
Meisel-dennis,1
Meixner,9
Mekler,1
Melandri,1
Melendez,2
Melenzed,1
Melhado,1
Melham,2
Melin,4
Melissourgos,2
Mellas,5
Mellick,6
Mells,3
Mellsop,1
Melzner,4
Memeniman,1
Memovic,1
Menache,1
Menard,2
Mendrin,5
Menetrey,1
Menghini,1
Menke,2
Menken,1
Menpes,2
Menssen,1
Mentasti,2
Menteith,1
Mentis,2
Menzies,107
Mepstead,2
Mercae,1
Merckenschlager,2
Mercorella,48
Mercovich,2
Merenda,9
Merghani,1
Merkoureas,1
Mermer,1
Mernitz,2
Merola,4
Merryfull,1
Mertes,1
Mertheringham,1
Mesecke,41
Mesidis,1
Mesiti,1
Mesnill,1
Messinese,1
Mestrov,3
Metaxiotis,1
Metherall,1
Metherell,6
Meucci,1
Meuli,1
Meulink,1
Meuris,7
Mew,14
Mewett,43
Mewha,1
Mexon,2
Mexted,3
Meyhandan,1
Meyler,1
Mezhvinsky,4
Mezic,4
Mezzomo,2
Mguyen,1
Miar,1
Miari,2
Miatt,2
Micairan,2
Micek,2
Michail,6
Michailou,1
Michalatos,1
Michalek,14
Michaux,5
Michelmore,56
Michielan,5
Michopoulos,1
Micke,4
Mickelsen,1
Micola-von-furstenre,1
Middlebrook,4
Middlehuis,1
Middlemis,1
Middlin,4
Miell,11
Miels,44
Mierisch,6
Miezitis,5
Mihailevs,1
Mihajlovac,1
Mihal,6
Mihalenko,1
Mihart,1
Mihaylov,2
Mihelcic,2
Miholos,1
Mijatovic,3
Mikajewski,3
Mikas,1
Mikeska,1
Miki,1
Milburn,64
Milcs,2
Mildren,52
Miles,303
Milevoj,1
Miliano,3
Milisavljevic,1
Milkins,8
Millane,7
Millanta,1
Millar,262
Millemaci,1
Miloloza,2
Milosevski,2
Milota,2
Milovancev,2
Milter,3
Milway,2
Milwright,1
Milycha,1
Minards,5
Mincher,4
Minchin-king,1
Minchinton,3
Mineely,1
Minero,1
Minh,4
Minner,1
Minnican,2
Minniecon,2
Minnock,1
Minol,3
Minorchio,3
Minter,9
Minther,2
Minto,6
Miocevich,1
Miotto,6
Mir,2
Miranda-veloso,1
Miraneu,1
Mirkovic,2
Mirritjawuy,1
Misagh,1
Mislov,12
Misner,3
Misopopas,1
Misrachi,3
Missaridis,1
Mitakidis,1
Mitchel,3
Mitchell-collins,3
Miteff,7
Miteloudis,2
Miteva,1
Mitigas,1
Mitric,4
Mitsotoulos,1
Mitsoulis,2
Mittelstadt,1
Mitton,54
Mixon,1
Mizerski,2
Mizielinski,1
Mizon,5
Mizuno,1
Mkandala,1
Mo,5
Mobers,1
Moble,1
Moder,2
Modystach,12
Moegreen,2
Moerkerke,1
Moerland,3
Moerman,5
Mogavero,2
Mohammadi,1
Mohammod,1
Mohring,3
Moine,1
Mokros,1
Moldavtsev,1
Moldehn,2
Molemoeng,1
Molineaux,2
Molkenthien,1
Mollaj,1
Molland,3
Mollard,2
Mollart,2
Mollross,11
Moltow,1
Molyneaux,1
Momcilovic,3
Monaco,13
Monaghann,1
Monasterio,1
Monba,1
Monda,5
Money,7
Monis,6
Monjean,9
Monola,3
Monotti,1
Monshizada,1
Monssen,1
Montalvan,1
Montalvo,3
Montandon,1
Monteleone,33
Montfort,2
Montfrooy,3
Montgomery-quin,1
Montroy,4
Montuori,4
Montz,1
Monz,1
Moody,152
Moog,2
Moolenaar,2
Moorby,12
Moorcock,1
Moore-crouch,1
Mor,2
Morata-plaza,1
Morato,2
Morby,3
Morcom,61
Morden,6
Mordeniz,2
Morecroft,6
Moreira,1
Morell,4
Moren,2
Morganti,2
Morio,1
Morioka,1
Morissey,1
Mormina,1
Morra,1
Morrish,21
Morrison,614
Mort,11
Morter-grant,1
Mortiner,1
Mortlock,26
Morton-jones,1
Moscarda,2
Moscatt,7
Mosheev,2
Moshos,4
Mosk,1
Moskwa,5
Mosman,3
Mosmondor,1
Mossman,6
Mosti,1
Mostris,2
Mostyn-smith,1
Motbey,8
Motyka,1
Moua,1
Moubarak,7
Moucho,1
Mouglbay,1
Moujalli,1
Moulton,23
Moun,3
Mounce,7
Mounzer,3
Mourtaroglou,1
Mousellis,3
Mouser,2
Moustos,3
Moutsatsos,3
Moutsokapas,1
Movall,1
Mowling,1
Moyse,36
Mposu,1
Mrosek,1
Mrozinski,1
Mrvelj,2
Msapenda,1
Muallem,1
Mucolloch,1
Mudaliar,6
Muder,1
Muehlberg,3
Mueller-dyer,1
Muenchow,5
Mugo,1
Muhanna,1
Muhldorff,3
Muhsam,2
Muir-cochrane,1
Mujmanovac,1
Mukans,2
Mukavec,1
Mulcare,1
Mulconray,2
Mulgan,1
Mullavey,4
Mullin,24
Mullner,5
Mulquiney,4
Mulree,1
Multa,1
Mulvey,6
Mulvie,2
Mulville,1
Munam,1
Munford,6
Munforti,2
Muniswamappa,1
Munuggur,1
Munyarryun,4
Muongsene,1
Mur,3
Murabito,4
Muraya,1
Murphy-dorsett,1
Murry,7
Murtha,3
Murton,41
Musca,1
Muschamp,2
Muskee,6
Musolino,116
Musovic,1
Mussell,1
Mustac,3
Musto,2
Musumeci,2
Mutavcic,1
Muthukuda,5
Mutikainen,1
Mycko,3
Mydlak,3
Mykyta,3
Myles,46
Mylne,2
Myriti,2
Mysko,7
Naar-cafentas,1
Nabi,2
Nabialek,3
Naborlh borlh,1
Nachazel,1
Nadels,5
Nadin,2
Nadolny,2
Naegler,1
Naess,1
Nagaria,1
Nahalewicz,1
Naidu naidu,1
Najm,2
Nakahara,2
Nakone,4
Nalecz,1
Nalpantidis,6
Nammensna,1
Nampjnpa,1
Namundja,2
Nand,4
Nannini,2
Nanos,2
Nanuan,1
Naoum,3
Naoun,1
Napora,2
Nappo,1
Narayana,3
Narinder,1
Narracott,9
Narulla,1
Nascivera,2
Nass,1
Nassaris,2
Nassau,3
Nastopoulos,1
Natsiopoulos,2
Naum,1
Naumoska,4
Navalli,1
Navarro,13
Navatu,1
Naveda,1
Nayilibidj,1
Nazzocchitti,1
Ndambuki,1
Neadle,1
Neailey,2
Neander,8
Nearhos,1
Nebl,1
Nedaie,1
Nedcraft,1
Nederpel,3
Neeb,3
Needham,53
Neelagama,1
Neeland,1
Neff,2
Nefiodovas,3
Negash,1
Negent,1
Negerman,2
Negnevitski,1
Negrean,1
Negri,10
Negrin,3
Neighan,1
Neik,1
Neill-fraser,1
Neimoeller,1
Neitzel,1
Nekar,1
Nekoee,1
Nel,4
Nelmes,7
Nelsen,17
Nelson-field,1
Nemec,8
Neol,1
Neophyton,1
Nerlekar,1
Nesgos,1
Nesham,3
Nesich,1
Netherton,12
Netteefold,1
Nettlefood,1
Nettleford,1
Neuendorf,5
Neufeld,1
Neufing,1
Neumann,114
Nevard,1
Neveceral,1
Neville,148
Nevin,21
Nevis,2
Nevjestic,1
Newberry,23
Newbould,6
Newbound,15
Newbown,3
Newel,1
Newey,12
Newns,3
Newport,29
Newton-howieson,1
Newton-smith,1
Newton-tabrett,4
Neyens,1
Neyle,1
Neylon,14
Ngadi,1
Ngai,10
Ngei,1
Nguyen,974
Nguyen-do,1
Nguyen-humphrey,1
Nicely,1
Nicker,1
Nickerson,1
Nicklason,18
Nickolai,26
Nicolaides,3
Nicolakopoulos,1
Nicoletti,3
Nicoll,29
Nicolle,77
Nicoloulias,3
Niddrie,6
Niebling,1
Niederkofler,1
Niekel,3
Niemietz,1
Nieminski,1
Nieuwendyk,2
Nieva,4
Nijhawan,1
Nika,1
Nikakis,1
Nikiforova,1
Nikkerud,3
Niklaus,4
Nikolai,4
Nikolec,1
Nikolenko,1
Nikolich,1
Nilssen,2
Nimmett,1
Nimnualsan,2
Nimpis,1
Ninchich,1
Ning,6
Nirrpuranydji,1
Nirta,8
Nishizana,1
Nite,1
Nitereka,1
Nitsolas,1
Niznik,2
Nizynski,3
No,1
Noack,83
Nobay,1
Noble,452
Nocella,1
Nofi,2
Nogueria,1
Nohdnoor,1
Noisier,1
Nojima,1
Non,1
Nonas,4
Nong,2
Norday,1
Nording,1
Norgate,5
Normandale,6
Normanington,1
Norrison,1
Northway,14
Norton-baker,6
Norvill,4
Noslanta,1
Notarianne,1
Noter,1
Nou,5
Nourath,1
Nouruzi,1
Novacek,2
Novak,50
Novick,1
Novis,2
Novitski,1
Novotny,2
Nowaczyk,1
Nowakowska,1
Nowers,1
Nowickys,1
Nowlan,5
Noyce,29
Noyen,3
Nozhat,1
Nozoma,1
Nozza,2
Nuan,1
Nubel,1
Nudl,2
Nuebauer,1
Nuh,2
Numina,1
Nun-belton,1
Nunggumajbarr,1
Nunthalath,1
Nunzio,1
Nurse,16
Nurwahyudi,1
Nutter,5
Nutton,1
Nuttycombe,1
Nuwandjali,1
Nyakuengama,1
Nye,20
Nyeng,1
Nygaard,4
Nyiro,2
Nykamp,4
Nylander,2
Nysten,4
Nyunt,2
O'casey,1
O'connel,1
O'day,10
O'farell,1
O'flynn,5
O'garey,8
O'goerk,1
O'hea,2
O'kronk,1
O'malveney,1
O'neall,3
O'nieil,1
O'range,1
O'shannessy,19
Oake,5
Oaks,5
Oatey,10
Oats,54
Obajdin,1
Ober,2
Oberdorf,3
Oberfichtner,1
Obersteller,2
Obkircher,1
Obod,4
Obringer,1
Obsivac,2
Occleshaw,2
Ochernal,1
Ockwell,1
Oclee,1
Oddy,8
Odfeldt,1
Odontiadis,2
Oest,4
Offoin,1
Ofrecio,1
Ogareff,2
Ogborn,1
Ogi,1
Oglanby,2
Oglivy,1
Ogston,4
Ohlin,3
Ohsson,1
Ohurra,1
Oi,1
Okely,7
Okita,1
Okla,1
Okolski,1
Okoniewski,3
Okubo,1
Okulewicz,2
Ola,3
Olbrei,1
Olechwicz,1
Oleksinski,1
Olender,1
Oleszcuk,1
Oliphamt,1
Olivares,1
Oliveri,4
Ollett,3
Ollis,2
Ollivier,4
Ollwitz,4
Olveczka,1
Omari,2
Omay,1
Ongkiko,1
Ongley,17
Onklundee,1
Onorato,4
Onus,2
Oo,6
Oolgaard-snijder,1
Opbroek,4
Opitz-bockmann,1
Opsima,1
Orban,2
Orbons,3
Orchard,79
Orchid,1
Ordasi,1
Ordogh,2
Orefice,2
Oreilly,2
Oreskovic,5
Orian,2
Orkney,2
Orledge,1
Orlick,1
Orlovic,6
Orme,18
Oroogi,1
Orouke,1
Orpwood,13
Orr-young,2
Orzelek,1
Osfield,2
Osgerby,1
Osgrove,1
Oshaughnessy,2
Ospapuk,1
Ossadtchouk,1
Osseweijer,1
Osteraas,1
Osterman,3
Ostrovski,1
Ottens,37
Ottery,1
Ottewell,10
Otto-coats,1
Oulsnam,2
Oussatchev,2
Outred,3
Ovanesyan,1
Ovaskainen,1
Ovens,13
Overheu,1
Overington,4
Overman,1
Overmeyer,3
Owerko,3
Oxenbould,1
Oxenbridge,1
Oxley-wakeman,1
Oyevaar,3
Ozdowski,2
Ozhylovski,2
Ozimkowski,1
Ozimo,1
Ozkan,1
Ozog,1
Pacevicius,1
Pacey,19
Pachett,1
Paciorek,1
Packenham,4
Pacor,5
Padas,1
Padbury,3
Paddon,4
Padgham-purich,1
Pados,2
Paduszynski,1
Paepke,1
Paffett,1
Pafumi,1
Pagac,2
Pagden,3
Page-hannaford,1
Pagoda,4
Pahlow,2
Paine,125
Painter,42
Painton,2
Paitaridis,3
Paize,1
Pajer,1
Pajkovski,1
Pajkowski,1
Pajo,1
Pajovic,1
Pak,2
Pakizeh,1
Pakos,2
Pakpoy,1
Pakulis,1
Palachicky,2
Palaktsoglou,2
Palamaris,2
Palasis,2
Palecek,6
Palen,1
Palethorpe,7
Palles,1
Palli,1
Pallot,5
Palmen,2
Palmeri,1
Palumbos,1
Palverso,1
Pamalia,1
Pamnany,3
Pamplin,2
Pampling,2
Panagaris,8
Panagiogivis,1
Panagiotakopolos,1
Panaguiton,1
Panajotovic,1
Pananaki,1
Panchaud,1
Pandouras,1
Panelis,1
Panigiris,1
Panitzki,1
Pannenburg,4
Panquee,1
Pantazopoulos,4
Pantel,1
Pantich,2
Pantos,6
Papacharalambous,1
Papadontas,1
Papageorgiou,37
Papaloukas,1
Papandreou,3
Papanikolopoulos,3
Papanotis,4
Papathomas,3
Papazacharia,1
Papazacharoudakis,2
Papazafiropoulos,3
Paphitis,4
Papij,2
Papoulas,1
Papoutsanis,1
Papoutsis,1
Papp-horvath,1
Paragalli,6
Paraniuk,1
Parashar,1
Parasier,1
Paraskis,1
Pardey,3
Pardy,1
Parer,1
Parfilo,4
Parken,10
Parkitny,3
Parmakli,1
Parodi,3
Parpoulas,1
Parr,88
Parreira,1
Parremore,24
Parsons-lord,1
Partyka,1
Pasalic,7
Pasaricek,1
Pascale,28
Paschalidis,6
Paschalis,2
Pasco,1
Pasco-gilroy,1
Pascoe,208
Pascu,1
Pasieczny,1
Paskins,1
Passalacqua,3
Passari,2
Passell,1
Passera,3
Passmore,41
Passone,2
Pastars,4
Pasternak,2
Pastore,5
Patafta,7
Pateros,3
Paterson,455
Patience,10
Patini,3
Patson,1
Pattichis,1
Pattie,4
Pauch,1
Paukovits,1
Paulit,7
Paulka,3
Paulsen,9
Paulsson,1
Paveley,1
Pavicic,3
Pavin,1
Pavli,8
Pavlick,1
Pavlos,2
Pavlovcic,2
Pawliszyn,1
Pawsey,8
Pazniewski,1
Pcpeake,1
Peacey,1
Peachey,31
Peady,1
Peckett,2
Peddell,1
Peddie,3
Pedersen-jones,1
Pedruco,2
Peeble,1
Peena,1
Pegg,29
Peglidis,3
Pegolo,1
Pegum,1
Pehlivanides,2
Peiker,2
Peitersen,1
Pekarsky,1
Pelchen,1
Pelic,1
Pelikan,2
Pelliccia,2
Pelling,13
Pellos,1
Pelser,1
Pembroke,6
Pemper,2
Penaluna,8
Penberthy,10
Pendergrast,7
Pendes,1
Pendle,10
Pendrill,1
Penelope,3
Pengler,1
Pengryffyn,1
Penhalluriack,1
Penhallurick,1
Penikis,1
Penm,3
Pennell,25
Pennill,3
Penno,28
Pennycuick,6
Penprase,2
Penquitt,1
Penry,1
Penso,1
Penver,1
Peppe,1
Peraic,3
Perdikis,2
Perdriau,1
Perduns,1
Perelaer,1
Pereyra,4
Perfetto,1
Peries,1
Perin,24
Perissini,1
Perl,1
Permyakoff,1
Perner,1
Pernini,3
Peronace,3
Perre,30
Perriam,15
Perroux,1
Perrow,3
Persin,1
Persing,1
Perth,1
Pervical,1
Pesari,1
Pesch,6
Pesec,1
Peshti,1
Pesti,1
Pestka,5
Petchkov,1
Petelski,1
Petersen,191
Petery,1
Pethers,3
Petith,4
Petito,5
Petraschka,1
Petravic,1
Petrian,1
Petricca,1
Petrikas,1
Petrikowski,3
Petrillo,5
Petrinec,1
Petrinolis,1
Petrunic,3
Petruschenko,1
Pettiford,3
Pettigrove,5
Pettingill,31
Pettman-south,1
Pfeffer,4
Pfiefer,1
Phakafy,1
Phanphengdy,2
Phendytsang,1
Phetla,2
Philcox,13
Philipp,2
Philippa,6
Phillbrook,1
Phillpott,3
Philps,23
Phinn,1
Phomson,1
Phoutjanti,1
Piacquadio,4
Pianto,1
Piasecki-jaracz,1
Piazza,8
Piccoli,3
Pichlmann,2
Pichugin,3
Pickel,2
Pickwick,1
Picot,8
Pidcock,4
Piechocki,2
Pieffer,1
Piegza,1
Piening,7
Pieris,1
Pierlot,1
Pieroni,1
Pierri,2
Pierro,1
Piert,1
Pieterek,1
Pietka,1
Pifeas,1
Pighin,3
Pignalosa,4
Piip,2
Pikulic,1
Pikusa,5
Pilan,1
Pilarek,1
Pilavci,1
Piliczky,3
Pilja,3
Pilkinton,7
Pimershofer,1
Pinakas,1
Pindell,1
Pinding,1
Pinheiro,4
Piniros,1
Pinkney,1
Pinnuck,6
Pinny,2
Pinto,15
Pintus,5
Pinzon,3
Piorkowski,1
Pipan,1
Pirnke,1
Pirog,2
Piromanski,1
Piryak,2
Pischettola,1
Pisi,1
Piskavec,1
Piszcyk,2
Pitchon,1
Pitera,1
Pitkethley,2
Pitrans,2
Pitsikas,4
Pitsilidis,1
Pitt-lancaster,1
Pitters,1
Pittock,4
Pittorino,1
Pitzen,1
Pizanias,4
Pizzey,3
Pjevac,3
Pladson,1
Plaetrich,1
Plane,43
Planzano,1
Platteel,1
Players,1
Plaznik,2
Pleeker,1
Plesa,5
Plessnitzer,1
Pleszkun,1
Pleunik,1
Plevin,5
Plews,9
Pleydell,1
Ploegsma,1
Ploesser,1
Ploger,1
Plos,3
Ploughman,14
Plovanic,5
Plumb,31
Plume,6
Plumer,2
Plumley,1
Po chung,1
Pobje,1
Poc,1
Pocaro,1
Pochec,2
Pocklington,1
Poddar,2
Podgorscak,1
Podreka,1
Pogacic,1
Pohrib,1
Pojsl,1
Pokkias,1
Polak,11
Polato,2
Polazer,1
Poliakova,1
Policarpio,1
Polita,1
Poljansek,1
Polles,1
Pollidorou,4
Pollini,3
Polmear,18
Polo,1
Polowy,2
Polsts,1
Pomfret,8
Pomfrett,3
Pondi,1
Pongsupath,1
Ponias,1
Ponomarenko,1
Ponsford,2
Ponter,1
Pontifex,27
Pontt,20
Pooke,2
Poore,7
Pop,3
Popazzi,1
Popelier,2
Popovoc,1
Poppleton,3
Porecki,1
Porizek,1
Porotschnig,3
Porra,2
Porsius,1
Porss,1
Portellos,4
Portlock,24
Portors,7
Porublev,2
Positano,2
Poskey,2
Posloncec,1
Posnakidis,2
Postolovski,1
Pota,2
Potempa,1
Potesky,1
Potoczky,5
Potticary,10
Potuszynski,3
Poulias,1
Pouliotis,2
Poumako,2
Pounder,2
Poupoulas,1
Pour,1
Povel,1
Povey,32
Powderly,4
Powdith,1
Powis,1
Powlay,1
Poyntz,1
Pozdrik,1
Pozium,1
Pozniak,4
Pracy,1
Pradela,3
Pradun,1
Praehofer,1
Praely,1
Praetz,4
Pragasam,1
Pragt,4
Prak,4
Pramudyasmono,1
Pran,1
Prandolini,1
Pratap,5
Pratz,1
Prawoto,1
Predic,1
Preedy,1
Pregarz,2
Prem,1
Premici,1
Preo,3
Preseren,1
Presley,8
Prestia,4
Prestipino,2
Prestly,2
Preston-stanley,3
Presutti,4
Pretreger,1
Preyser,2
Pribac,3
Pribil,1
Price-austin,3
Price-beck,4
Priddin,1
Pride,22
Prideaux,49
Priebe,6
Priesley,2
Priest,160
Primavera,3
Primikyrlidis,1
Primozich,1
Princehorn,1
Princic,1
Pringle,46
Pringle-jones,1
Prmmer,1
Probets,2
Procter,47
Profitlich,1
Prohaska,1
Proks,3
Pronk,6
Prosenica,1
Prosser-cattanach,1
Prostimo,3
Prostin,1
Provan,9
Pruul,1
Pryer,10
Prytula,3
Psaras,2
Psiahos,1
Psorakis,4
Puc,1
Pudovkin luba,1
Puide,1
Pujsza,1
Puksts,1
Pulat,1
Pulford,86
Pulford-clark,1
Pulle,4
Pulvirenti,5
Pun,3
Puolakka,2
Purbell,1
Purdey,11
Purdon,65
Purenins,1
Purich,3
Purkalitis,1
Purma,1
Purseglove,1
Purser,18
Purtell,20
Purus,1
Purvey,1
Puskadija,1
Puspawata,1
Pusser,3
Pustavrh,3
Pusz,3
Puszkar,2
Putans,1
Putrananda,1
Putterill,5
Puttick,1
Puttmer,1
Puttnam,2
Puvan,1
Pwa,1
Pyle,19
Pylypenko,2
Pyper,16
Pyrgos,2
Qail,1
Qua,1
Quack,1
Quagliarella,1
Quan,17
Quast,22
Quatermass,1
Querzoli,2
Quill,28
Quilliam,79
Quilliam-condello,1
Quilty,15
Quinsey,4
Quinteros,1
Quinton,22
Quinzi,9
Quoc,3
Quodling,4
Rabbitt,13
Rabe,20
Raber,1
Rabie,1
Rabski,1
Raccanello,4
Rachid,6
Rachwal,13
Rackemann,1
Rackwell,1
Radespiel,1
Radfed,1
Radic,10
Radinger,3
Radinovic,1
Radjenovich,1
Radmuller,1
Radovic,5
Radulescu,4
Radwell,1
Raethel,12
Rafanelli,17
Raffety,2
Rafii,2
Raftis,1
Raftopoulos,5
Raftovich,1
Rahikainen,1
Raik,1
Raizis,1
Rajapapirana,1
Rajendra,3
Rajkowski,3
Rajopadhyaya,1
Rake,21
Rakesh,1
Ralf,1
Ralston-bryce,1
Ramachandra,3
Ramamoordhy,1
Ramasundara,1
Ramavani,1
Rambow,1
Ramey,1
Ramfos,1
Ramiro,2
Ramly,1
Ramona,1
Ramush,1
Rana,12
Randall-smith,1
Raner,2
Ranjan,2
Rankin-hooper,1
Rankine,98
Rannie,1
Ranson,71
Rapisarda,7
Rapko,3
Rapson,12
Rashley,2
Rasic,7
Rasman,1
Rastar,1
Rasti,1
Ratledge,1
Ratneser,1
Ratsourinh,1
Rattaey,1
Rattur,2
Ratycz,1
Rau,35
Rauch,4
Rauseo,6
Ravek,1
Ravenwood,2
Ravlich,2
Ravnoy,2
Raward,5
Rawle,2
Rawlings,161
Raylene,1
Raymundo,1
Rayski,1
Rayton,1
Razborsek,3
Razon,2
Reaburn,5
Readshow,2
Realubit,1
Rebmann,1
Reckmann,1
Recknell,1
Record,8
Red,1
Reddacliff,1
Redington,4
Redmond,30
Reduch,2
Redzepagic,1
Reece,65
Reed-gilbert,1
Reeh,4
Rees,280
Rees-curwen,1
Reetz,1
Regal,1
Regalado,1
Regej,1
Rehlaender,2
Rehr,1
Reibel,5
Reichardt,3
Reid,1203
Reifferscheidt,2
Reimer,7
Reimers,17
Reinbach,1
Reinhard,5
Reinmuth,14
Reischl,1
Reitler,2
Rekkas,4
Reller,1
Rellos,1
Relota,1
Rembowski,1
Remmington,1
Rendel,1
Render,2
Rendulic,4
Renfrey,71
Reni,5
Rentuza,1
Res,8
Reschke-hockley,1
Resili,2
Restell,3
Reszitnyk,2
Retledge,1
Reuter,26
Revi,3
Revie,4
Rexeis,3
Rezaee,1
Rezaeian,1
Rezaie,1
Rhyne,6
Rial,2
Riardon,1
Ribeiro,7
Ricard,1
Richardon,2
Richie,1
Richmond,112
Rickett,15
Riddei,2
Riddell,48
Riddick,3
Riddoch,13
Rider,23
Riding,19
Riding-williams,1
Ridley-gaze,1
Riebke,8
Riede,7
Riehtering,1
Rielly,8
Rieman,2
Ries,4
Riesner,1
Riezzo,1
Rigby-meths,1
Rigbye,1
Rigley,9
Riglin,1
Rika,1
Rilk,1
Rilley,1
Rimanic,3
Rimsky-korsakov,2
Ringe,1
Ringi,1
Ringland,7
Rinne,2
Rintel,1
Rinymalpuy,1
Rippingille,1
Risa,1
Risbley,1
Ritz,2
Ritzau,5
Ritzberger,1
Ritzkowski,1
Riva,1
Rivadera,1
Rivas,3
Rivaz,1
Rivera,17
Rivers,54
Rizovslu,1
Rizzo,11
Rizzon,1
Roan,2
Roberti,2
Roberts-duffy,1
Roberts-yates,2
Robeson,3
Robison,7
Roblom,1
Robnik,5
Robson,230
Rocca,48
Roccatti,3
Rocha,6
Roche,67
Rocher,3
Rochette,1
Rockcliffe,1
Rockmann,2
Rodaro,2
Roddick,2
Rodney-hanson,1
Rodopoulos,1
Rodriguz,1
Roebuck,19
Roehrich,1
Roelsma,1
Roemisch,1
Roepcke,4
Roets,1
Roex,2
Roff,8
Rogan,20
Rogers-barnden,1
Rohleder,2
Rohrle,1
Rohyaei,1
Roker,1
Rokobaro,1
Rola-wojciechowski,1
Rolan,2
Roles,29
Roling,9
Rolins,2
Rolke,2
Rollands,1
Rollas,2
Roller,7
Rolleston,3
Rollins,60
Rollitt,2
Rologas,4
Rom,1
Roman,9
Romanenko,1
Romanski,1
Romeyn,3
Romkes,2
Ronai,5
Ronan,27
Ronzano,2
Rook,12
Roosli,1
Roppola,3
Rosa,36
Rosada,2
Rosadoni,1
Rosandic,1
Rosano,1
Rosato,4
Rosborough,3
Roschert,1
Roseboom,1
Rosecky,2
Roselli,5
Roseman,1
Rosendale,16
Ross-masters,1
Rossato,3
Rossler,7
Rossomando,1
Rossow,2
Rota,2
Rothe,62
Rotman,8
Rotsey,1
Rotumah,4
Roud,1
Rouhliadeff,3
Roundhill,4
Rounds,1
Rounis,1
Rounsevull,1
Roush,1
Roussianos,1
Roussounis,1
Rovelli,2
Rovira,3
Rovis-hermann,1
Rowan-kelly,1
Rowle,2
Roxburgh,12
Roy-gapper,1
Royans,12
Royle,35
Rozak,1
Rozas,1
Rozerio,1
Rubaszewski,1
Rubendra,1
Rubner,1
Rucci,2
Rudd,98
Rudgley,2
Rudkiewicz,1
Rudzki,2
Ruffy,6
Ruhfus,1
Ruise,1
Rulfs,2
Rumbal,3
Rumbalu,2
Rummuckainen,1
Rump,7
Rumpe,1
Rundle,149
Rungis,1
Runic,3
Runis,1
Runnegar,3
Ruolle-ivanov,1
Rupenovic,1
Rupinskas,1
Rupp,1
Rusack,6
Rushby,11
Rushforth,5
Ruskin,10
Rusling,6
Ruso,1
Russin,3
Rustam,3
Rusu,1
Rutkiewicz,5
Rutkowska,2
Rutte,5
Ruutel,1
Ruwette,1
Ryan,1321
Ryanbakken,1
Rybak,7
Rybarczyk,3
Rybovic,1
Ryker,1
Rylands,10
Rylie,2
Rynhart,1
Ryprych,1
Rysdale,1
Rzesnicki,1
Rzeznik,2
Saade,3
Saar,4
Sabben,1
Sabbith,1
Sabetzad,1
Sabieray,1
Sabila,1
Sabotoc,1
Saccardo,16
Sacchetti,3
Sach,11
Sachsse,1
Sadauskas,7
Sadler-dadge,1
Sadlewski,1
Saengmany,1
Saenz,2
Safai,1
Saffoury,1
Safra,1
Safrazian,3
Sagadewa,1
Sager,11
Sagir,1
Sagrestano,3
Sagrillo,1
Sagucio,1
Sailing,1
Sailsbury,1
Saines,3
Saj-rynes,1
Sakatunoff,2
Salapatis,1
Salas,5
Salcedo,8
Salehi,1
Sallay,1
Salmi,1
Salsbury,1
Salt,53
Salthouse,1
Saltiel,1
Saltiel-mosley,1
Samakovlis,1
Samara-wickrama,1
Samarajeewa,2
Samarelli,2
Samarinoff,1
Samarzia,3
Sambanis,1
Samcewicz,2
Samedani,2
Sami arun,1
Samios,7
Samplton,1
Samprathi,1
Samulewicz,1
Samuniuk,2
Sanakidis,1
Sanby,1
Sandallis,1
Sandham,1
Sandiford,3
Sandifort,1
Sandler,2
Sandman,11
Sandyford,1
Sangfai,1
Sanghera,1
Sangi,1
Sanmugam,1
Sanny,1
Santangelo,1
Santelices,2
Santi,13
Sapa,2
Sapage,1
Saputar,1
Sar,2
Saragas,1
Sarah,16
Saran,1
Sarantopoulos,2
Sarantou,1
Sarfati,1
Sariago,6
Saridakis,2
Sarioglou,2
Sarjeant,2
Sarkissian,1
Sarny,2
Sarnyai,1
Sarossy,5
Sarrant,1
Satay,1
Sathis,1
Satomi,1
Satterley,22
Satterthwaite,4
Sau,3
Saul,16
Saumi,2
Saunders'wise,1
Saunders-sexton,1
Sauzier,2
Savary,1
Savas,9
Saveljevs,1
Savidge,2
Savino,1
Savio,3
Saviska,1
Savutakis,1
Sawbridgeworth,1
Sawczak,3
Sax,10
Saxon-taylor,1
Sayagha,1
Saylor,2
Sayzeff,1
Sazaklidis,1
Sbirakos,1
Sbona,2
Sbordone,1
Scacchitti,2
Scaglia,1
Scalamera,1
Scambler,3
Scamoni,12
Scanlain,1
Scannell,16
Scantlebury,3
Scappatura,4
Scarabotti,4
Scarce,31
Scargill,3
Scarlat,1
Scarles,1
Scassa,2
Scattini,7
Scaturchio,4
Scerri,24
Schaber,4
Schadow,2
Schaedler,1
Schaffarz,2
Schaller,2
Schamschurin,3
Scharling,1
Scharner,4
Schatto,2
Scheckenbach,3
Scheel,3
Scheepens,5
Scheerlinck,2
Scheffel,2
Schekira,1
Schelkis,2
Schelz,1
Schembri,34
Scheper,1
Schepers,1
Scheppers,1
Scherf,1
Scheringer,2
Schiansky,11
Schiemer,2
Schillier,1
Schimleck,2
Schindelhauer,1
Schipani,2
Schjolden,1
Schleider,1
Schleigh,1
Schlezak,2
Schmalscheidt,2
Schmeling,1
Schmelter,1
Schmick,1
Schmitzer,7
Schmocker,3
Schmook,1
Schnackenberg,1
Schnider,1
Schnieder,2
Schnitzerling,1
Schoder,7
Schoebinger,3
Schoenberg,6
Schoettke,3
Scholberg,1
Scholte,2
Schoonwater,1
Schopman,1
Schoppe,3
Schorr,2
Schorta,1
Schottminn,1
Schrepel,1
Schriber,1
Schuddebeurs,1
Schuermann,1
Schuetz,7
Schuh,2
Schultheis,2
Schumann,52
Schupann,1
Schuptar,3
Schuster,68
Schwaz,1
Schwetlik,3
Schwidder,5
Schwinghammer,5
Scime,1
Scollard,7
Scopel,1
Scott-jackson,4
Scotton,1
Scougall,10
Scowcroft,1
Scrbak,2
Scrimgeour,9
Scripps,3
Scriva,3
Scrivanich de ivanov,1
Scrivenor,1
Scudds,11
Sczensny,1
Se,1
Seare,1
Sebastyan,2
Sebregts,2
Secara,2
Sechner,1
Seckar,1
Secomb,41
Secondis,1
Seddon,52
Sedecki,2
Sedelbauer,1
Sederstrom,2
Sedgley,7
Sedgwick,9
Sedoriw,1
Sedunary,25
Seehusen,1
Seelt,1
Seen,37
Seetoh,2
Seevaratnam,1
Seevers,2
Seewraj,1
Segar,2
Segneri,4
Sehneider,1
Sehwarze,1
Seib,9
Seibold,1
Seigneur,2
Seis,1
Seiver,1
Sek-sekalski,2
Sekaran,2
Sekavs,2
Sekhon,3
Sekuless,3
Sekulitch,4
Selamis,1
Seleke,2
Selkirk,6
Sellmann,4
Sells,7
Selth,18
Selvaraj,1
Selvarajan,1
Sembrano,2
Sena,1
Senaka'arachi,1
Senarth,1
Senator,1
Sendoner,1
Senech,1
Seneque,1
Senese,1
Senesi,12
Seng,6
Sengpiel,2
Senic,2
Sennar,3
Sennef,1
Senner,2
Senti,4
Seo,3
Sepiol,1
Sepp,2
Seppelt,21
Seppelt-deakin,1
Serafin,18
Seraglia,1
Serem,1
Sergio,1
Serrels,2
Sertvytis,1
Seselja,13
Seskis,3
Sessle,1
Sethna,1
Setlhong,1
Seto,9
Setright,1
Sette,10
Settembri,1
Sevel,1
Severan,1
Sevi,4
Sevtsenko,1
Sewart,4
Seychell,9
Seyfarth,1
Seymor,1
Seymour-griffin,1
Seymour-walsh,1
Sezun,1
Sferco,4
Sgroi,2
Shack,2
Shadbolt,51
Shady,4
Shaft,1
Shahidimehr,2
Shahnza,1
Shailer,3
Shair,1
Shambrook,5
Shandley,4
Shanis,1
Shank,2
Shapiro,2
Sharkie,1
Sharon,5
Sharpless,1
Shawforth,1
Sheaffer,1
Sheehan-harradine,1
Sheeky,3
Sheens,1
Shehzat,1
Sheldon,46
Shelley,52
Shellshear,1
Shelly,8
Shelvock,3
Shem,1
Shendi,1
Shenman,1
Shepherd,426
Shepherdson,58
Sheremetjev,3
Shereston,2
Sherin,3
Sheringham,1
Sherren,2
Sherriff,167
Sherrington,10
Shevchenko,9
Shevtzoff,1
Shew,1
Shih,5
Shillinton,1
Shilova,1
Shimpf,1
Shinerock,1
Shinnick,15
Shipperd,1
Shirin,1
Shirmer,1
Shirodkar,2
Shiun,1
Shivarev,1
Shivas,4
Shneider,1
Shoben,2
Shoebridge,7
Shoeman,1
Shopen,1
Shorrock,15
Shortman,3
Shorts,1
Shoubridge,3
Shove,1
Shrowder,5
Shuk,1
Shurville,2
Shutlar,2
Shying,2
Siaban-oglou,1
Siaosi,1
Siapantos,1
Siatis,1
Sibbald,2
Sibbritt,2
Sickles,3
Siddans,2
Sideris,10
Sidlauskas,1
Sidlo,2
Sidman,2
Sidney,6
Sieber,8
Siek,2
Siemens,4
Siemers,6
Siemon,3
Sierakowski,1
Sietz,1
Siew,5
Sifkus,2
Sigamoney,1
Siganto,5
Siggins,30
Signorelli,3
Sijacic,1
Sikansari,1
Silcocks,1
Silland,1
Siller,1
Silo,2
Silson,4
Silverton,2
Silvestrino,3
Silvestro,4
Sim-collett,1
Sima,3
Simac,1
Simitsis,2
Simlat,2
Simmonds,127
Simonetti,10
Simonn,1
Simonuik,1
Sincovich,3
Sindicic,2
Sindorff,3
Singhakian,1
Singleton,83
Sinicins,2
Sinikovic,2
Sinnappurajar,1
Sinoch,2
Sinock,1
Sinton,7
Sioson,1
Sipa,2
Sirbu,1
Sires,17
Sirilan,1
Siripong,1
Siroky,1
Siropoulous,1
Sirotic,1
Sitarenos,4
Sitepa,2
Sitko,1
Sivapatham,2
Siviour,90
Siwak,2
Skaife,1
Skailes,1
Skandamis,1
Skarbek,1
Skarmoupsos,1
Skeen,15
Skell,1
Skellern,1
Skellington,1
Skirca,4
Skirton,1
Skitch,1
Skladzien,2
Skliwa,4
Skountzos,2
Skrjanc,1
Skrpan,1
Skubig,1
Skujin,1
Skurr,2
Skvaril,5
Skyes,1
Skyrme,1
Slabbert,1
Slack-smith,7
Slaghuis,1
Slaney,2
Slape,53
Slatcher,1
Slave,1
Slavic,1
Slavica,1
Slavvjevic,1
Slawinski,3
Sleath,13
Sleightholme,3
Sleiters,1
Slicer,3
Sliuzas,1
Sliwakowski,1
Sloniec,4
Slorach,2
Sluga,2
Slunjski,1
Slywka,1
Smagala,1
Smair,1
Smajic,1
Smallacombe,67
Smans,1
Smeaton,22
Smedes,1
Smeenge,1
Smith-roberts,3
Smith-smidmore,1
Smithe,1
Smithen,2
Smithson,31
Smitti,3
Smolka,3
Smolski,4
Snajdar,6
Snale,1
Sneata,1
Sneesby,6
Snell,97
Snelling,35
Snoad,13
Snordawski,1
Snowball-smith,1
Snowling,1
Snuggs,2
Snushall,3
So,9
Soames,1
Soave,3
Sobczak,9
Soden,26
Soeia,1
Soelkner,1
Soeroes,2
Soetantri,1
Soewandijono,1
Soh,1
Sohkanen,2
Sok,9
Sokic,1
Sokolov,2
Solc,1
Soldic,1
Solente,2
Solis,2
Solito,3
Solman,1
Soloijic,1
Solonimkl,1
Solonsch,2
Solorzano,1
Solty,1
Soltys,4
Soman,3
Somim,1
Somina,1
Sommariva,12
Somozo,2
Son,12
Sondergeld,1
Sones,2
Sonhom,1
Soni,3
Sonnack,4
Sonner,1
Sonsie,3
Soonthornnawaphap,1
Soovoroff,1
Sopharat,1
Sorieno,1
Sorn,1
Soroosh,1
Sorsa,1
Soso,2
Sothman,1
Sotnik,2
Sotomayor,1
Sotutu,1
Souden,1
Souksavat,2
Soule,6
Soulemezis,4
Soulsby,11
Soultan,1
Sounness,1
Southgate,19
Southwood,15
Soward,6
Spaander,1
Spaans,7
Spada,2
Spagnoletti,23
Spagnolo,3
Spahic,2
Spajic,2
Spakianos,2
Spakman,2
Spall,10
Spalvins,4
Spaninks,3
Spanton,6
Spargo,27
Spark,35
Sparta,1
Spate,4
Spawton,1
Spearing,1
Spears,34
Speeles,1
Speight,30
Spendley,1
Sperber,2
Sperrin,2
Speville,1
Spicer,96
Spillings,1
Spinato,4
Spinetti,1
Spiota,1
Spong,22
Sponza,2
Sporn,19
Sporton,4
Spourdos,2
Spradau,1
Spratt,44
Sprenglewski,1
Springthorpe,3
Sprogis,2
Sproles,1
Spromk,1
Sproul,1
Spurden,1
Spurgeon,5
Spuzic,2
Spyridis,1
Spyropoulos,14
Squelch,1
Srapisan,1
Srdic,1
Srdinsek,1
Sreckovic,3
Sreenatha,1
Sribar,3
Sritharan,1
Sroczek,2
Srour,4
St clair-dixon,1
St vincent,3
Stacca,1
Stadlmaier,1
Stadthagen,1
Stadtmiller,1
Stafford-lee,1
Staggard,8
Stagoll,10
Staig-hamdorf,1
Staight,2
Stainton,3
Stallion,3
Stamatas,1
Stamboulakis,1
Stamoulos,2
Stampke,3
Stanaway,3
Stanbury,32
Stancliffe,5
Stancombe,9
Stanek,6
Stanesby,2
Stanfield,39
Stangoulis,2
Stanislaus-large,1
Stanley,299
Stanly,1
Stannar,1
Stanojcic,1
Stanton-gillie,1
Stanwick,2
Stapenall,1
Stapenell,5
Stapinski,1
Stapley,6
Staporski,5
Starega,2
State,1
Statham,16
Staton,2
Statton,27
Staude,41
Staufenbiel,1
Staugas,1
Stauner,1
Staunton-smith,4
Stawicki,1
Steane,11
Stear,3
Stearnes,16
Steart,5
Stech,2
Steed,51
Steele scott,3
Steeles,3
Steers,37
Stefan,3
Stefanicki,2
Stefanidi,1
Stefanocic,1
Stefanovska,2
Stegemann,8
Steinbacher,2
Steinert,49
Steinmetz,2
Stellini,2
Steltenpool,1
Stemper,2
Stencel,3
Stene,1
Stening,6
Stenn,1
Stephanos,4
Stephenson,299
Stephopolous,1
Stepic,4
Stepinski,1
Sterio,1
Sternbeck,1
Sternek,2
Sternizsa,1
Sterpin,3
Sterry,13
Stevanja,3
Stevedore,1
Steviens,1
Stewart-jones,7
Stewen,1
Steyger,3
Stigant,2
Stigis,1
Stinchcombe,1
Stine,1
Stingle,17
Stintin,1
Stirland-mitchell,1
Stirpe,4
Stitz,5
Stivers,1
Stobo-wilson,1
Stockall,4
Stockes,1
Stodart,12
Stoeckeler,1
Stoffels,2
Stogneff,4
Stojak,1
Stojic,2
Stojsic,2
Stoker,19
Stokker,5
Stoksik,1
Stolfa,2
Stolhand,1
Stolica,1
Stolz,16
Stolze,2
Stone murray,1
Stonehaus,1
Stoneman,20
Storken,3
Storozjenko,1
Stosh,2
Stowpiuk,1
Straczek,1
Strainij,1
Stranger,18
Strangway,2
Straub,1
Strazzari,2
Streckfuss,1
Strehovski,2
Streich,3
Strenge,3
Strie,3
Strimpel,1
Strmota,2
Stroeh,5
Stronach,24
Strubbe,1
Struck,12
Strudwick-brown,1
Strungs,2
Struzik,1
Stubbin,2
Stubbs,170
Stuber,3
Studer,2
Studman,1
Stuetz,3
Stumann,3
Stumbles,1
Stuyanaki,1
Stylianopoulos,4
Suang,1
Subacius,3
Subaj,1
Suban,3
Subramaniam,9
Suchar,1
Suckow,1
Sudaj,2
Sudding,1
Sueppel,2
Suffolk,9
Suhan,1
Suine,2
Sukh,3
Sukjit,1
Sukovski,1
Sukwatthananan,1
Sulan-schueler,1
Suleiman,1
Sulich,2
Sulikowski,2
Sulman,4
Summerrell,1
Summers-pullin,2
Sumption,1
Sumsion,12
Sundaralingam,1
Sunderland,26
Sunderman,1
Sundo,1
Supomo,2
Suppinger,1
Suraci,1
Surch,1
Surikow,1
Suringa,2
Surrich,1
Surulo,1
Susana,1
Sushames,24
Suskin,3
Suslin,1
Susta,1
Suth,2
Sutpiah,1
Suttell,2
Suttle,3
Suvailo,1
Suvorova,1
Suyen,1
Suzor,4
Svane,1
Sveli,1
Svenson,6
Svetec,4
Svihla,1
Svircevic,1
Svitlica,1
Swaalf,1
Swarner,1
Swayne,12
Swetnam,4
Swierc,3
Swiggs,23
Swindlehurst,1
Swinney,1
Switalski,7
Swney,1
Swoboda,5
Sworzeniowski,1
Swynczuk,1
Sydenham,7
Syder,1
Sydorenko,2
Sydorowich,1
Sykiotis,2
Symmons,22
Symth,2
Synnet,1
Synusas,1
Synwoldt,1
Syren,1
Syrokos,1
Sytsma,5
Szablinski,1
Szach,3
Szalai,7
Szauer,2
Szczecinski,5
Szecko,1
Szekernyes,1
Szepessy,7
Szeszycki,2
Szilassy,1
Szklarz,1
Szkolik,3
Szlezak,3
Szmeja,1
Sznajder,1
Szocinski,1
Szomorkay,1
Szopko,1
Szpakowska,1
Szprega,2
Sztolc,2
Szumny,1
Szumski,1
Szupan,1
Szwajcer,1
Szymanaski,1
Szymczak,5
Szynkar,3
Szysz,2
Szyszlak,1
Taborsky,1
Tabrett,2
Tadege,1
Tadier,1
Tae-hyun,1
Taglietti,2
Tailor,2
Tainton,2
Taira,1
Tajgi,1
Takafumi,1
Takami,1
Takasuka,1
Takats,5
Takeshi,1
Taladira,1
Talapaneni,1
Talavanic,1
Talay,1
Talberg,4
Talevich,1
Talladira,13
Tallarida,7
Talmet,2
Tamasauskas,1
Tamassy,5
Tammita,2
Tammo,1
Tammpuu,1
Tamura,2
Tan kiang,1
Tanase,1
Tangallpalla,1
Tangorra,2
Taniora,2
Tanks,2
Tant,2
Tants,2
Tantschev,3
Tao,8
Tapper,11
Tara,1
Taranthoiene,1
Taratt,1
Tarczylo,1
Tardrew,6
Tarleton,1
Tarn,4
Tarooki,1
Tarquinio,2
Tarrillo villalobos,1
Tarsissi,1
Tarter,1
Tasevski,3
Taskovic,1
Taslidza,1
Tassis,3
Tatam,1
Tatarovic,1
Tatlock,1
Tatpo,1
Tatto,2
Taube,4
Taubers,4
Taubert,6
Taubman,2
Tauj,1
Taute,3
Tavis,2
Tavoulari,1
Taxi,1
Taylor-cannon,1
Taylor-gordon,1
Tchepak,1
Tchung,1
Te kawau,1
Te namu,1
Teague,81
Teal,5
Teates,1
Teav,3
Tebb,6
Tebbutt,11
Tebby,2
Teear,1
Teeboon,1
Teh,5
Teleki,1
Telese,2
Telleglou,1
Teller,1
Tellis,7
Ten brummelaar,2
Ten hove,1
Ten-tije,1
Tenant,2
Tenbensel,4
Tencic,1
Tengdahl,2
Tenholder,4
Tennent,13
Tenney,4
Tennyson,2
Tenshek,2
Tepohe,2
Terek,3
Terend,2
Terrens,2
Terrey,2
Tertipis,3
Terwey,2
Teteris,4
Teti,3
Tetija,1
Tetrovic,1
Tettmar,2
Tetzsch,1
Teuma,2
Teunissen,6
Thaba,1
Thackeray,3
Thaker,2
Thalmann-mckay,1
Thamotharalingam,1
Thamrongvoratorn,1
Thandi,5
Thanissorn,3
Thavarajadeva,1
Thaxton,1
Theissen,2
Theng,1
Theodorakakis,1
Theodore,14
Theodorsen,1
Theofanous,3
Theoharidou,1
Theologa,3
Theologidis,2
Thibodeau,3
Thick,3
Thier,1
Thiessen,26
Thind,1
Thirgood,4
Thiry,4
Thistlethwaite,2
Thiveos,1
Tholen,1
Thollar,2
Thomsom,1
Thonan,1
Thoonen,1
Thornquest,2
Thorold,4
Thorpe,323
Thost,1
Thredgold,56
Thrift,9
Thrussell,6
Thulasidharan,1
Thurlow,42
Thwaite,8
Thygesen,2
Tiah,1
Tiboldo,3
Tibury,1
Tichelaar,1
Ticknell,1
Tidenann,1
Tidey,15
Tieck,1
Tiede,2
Tiedemann,6
Tiefenbach,1
Tien,6
Tientjes,1
Tieppo,4
Tiesler,1
Tiestel,1
Tiffin,19
Tiggeman,7
Tilakaratne,2
Tilker,7
Tiller,128
Tilliard,2
Tiltman,2
Tim,5
Timbrell,5
Timmermans,5
Timmiss,4
Timoshanko,1
Timperon,12
Timpson,2
Tims,11
Tina,1
Tinari,1
Tinfina,2
Ting,29
Tinggee,1
Tinsley,11
Tinson,5
Tinus,1
Tip,1
Tippel,1
Tippins,43
Tiptaft,1
Tipunewuti,1
Tirilis,1
Tirimona,1
Titmarsh,3
Tittoto,5
Tiu,1
Tkachuk,3
Tlauka,1
Tlenys,1
Todhill,1
Toeta,1
Toews,1
Tognella,3
Tognolini,1
Tokar,1
Tokareu,1
Toker,3
Toleman,3
Tolfts,6
Tollner,9
Tolovae,1
Tomadini,1
Tomasevic,2
Tombleson,3
Tomich,5
Toming,1
Tomkin,5
Tomli,1
Tomney,41
Tompai,2
Tompkin,1
Tompsitt,1
Toms,40
Tones,1
Toneva,1
Tonge,11
Tongyode,1
Tonta,2
Toohill,3
Tootell,15
Toothill,2
Toplass,1
Toporowski,1
Toralis,1
Torni,1
Torop,1
Torquati,4
Torster,1
Torzillo,3
Toscano,6
Tose,2
Toseland,14
Toso,6
Tossani,1
Tossell,10
Tostervin,1
Totagi,2
Totonidis,3
Tourlis,2
Tourmaline,1
Tow,6
Towey,4
Townsend-evans,1
Townsly,1
Towstyi,2
Toyama,1
Trace,3
Trad,1
Traforti,5
Trainor,24
Trait,3
Tram,4
Tramaglino,2
Trampenau,1
Trankle,2
Tranthem,5
Traplin,1
Trapnell,5
Trappitt,1
Trathen,3
Trauntvein,1
Travar,4
Travini,1
Treager,2
Tregloan,15
Tregoning,20
Treherne,2
Treilibs,2
Trelbby,2
Tremellen,14
Trenchard,1
Trenchuk,3
Trenerry,31
Trenery,4
Trenow,1
Trent,7
Trenter,1
Trepka,2
Treplin,3
Tressider,2
Treumer,2
Treutler,1
Trevan,6
Trevarrow,3
Trever,1
Trevorrow,15
Tri,2
Triandafyllidis,2
Triantafyllakis,1
Triat,1
Tribbeck,5
Tridgell,3
Trigwell,2
Trimbell,4
Trimble,18
Trimbole,1
Trimmer,13
Tring,1
Tripley,1
Trivett,5
Trivic,2
Trninic,1
Troisi,2
Tromp,10
Tronc,1
Trondl,1
Tronina,2
Trooper,1
Troubridge,1
Trowse,19
Troxell,1
Trpkovski,1
Trubee,5
Trubik,1
Trukhanov,1
Truman,32
Trumbull-ward,1
Trunks,2
Trusiewicz,2
Truslove,6
Tryfonos,1
Trzcinski,5
Tsakiridis,5
Tsakmakis,1
Tsamandanis,1
Tsamtsikas,1
Tsang,11
Tsaousi,1
Tsavtaridis,1
Tsaxirlis,1
Tschernykow,1
Tschirn,6
Tschirpig,21
Tsegas,2
Tselepis,1
Tsermentselis,1
Tsialafos,2
Tsiamas,2
Tsikmis,1
Tsimpinos,1
Tsinivits,1
Tsiokantis,1
Tsiopilas,1
Tsiounis,1
Tsipenyuk,1
Tsokas,1
Tsolakakis,1
Tsolakis,2
Tsonis,6
Tsoubarakis,3
Tsouris,7
Tsoutas,3
Tsujimoto,1
Tsumchai,1
Tsun,2
Tu,33
Tuckwell,48
Tuendemann,5
Tuft,3
Tuikaba,1
Tuit,15
Tuk,2
Tuke,1
Tulla,5
Tulysewski,1
Tunevitsch,1
Tunner,1
Tunstall,10
Tupai,1
Tuppini,1
Turakulov,1
Turale,12
Turbitt,4
Turco,5
Turel,1
Turelli,2
Turkalj,1
Turkentine,4
Turnagic,1
Turnball,3
Turnor,3
Turtur,14
Tusel,1
Tuting,6
Tuttleby,2
Tuza,2
Twang,1
Tweedie,18
Tweedle,1
Twelves,1
Twemlow,1
Twigg-patterson,2
Twigger,4
Twin,2
Twizell,1
Tyack,5
Tyczenko,2
Tyerman,9
Tylkowski,3
Tymczyszyn,1
Tyminski,2
Tyndale-biscoe,1
Tyner,8
Tzannes,2
Tzeegankoss,1
Tziolis,1
Tzousmas,1
Ubelhor,1
Udina,2
Udovcic,3
Udovicic,4
Ueberall,1
Uffelmann,4
Uhlik,1
Uhr,4
Ukleja,3
Ukota,2
Ulanowicz,1
Ulbrich,5
Uldum,2
Ulrick,7
Umbrasas,1
Unetta,2
Ung hang,1
Uniya,1
Unver,1
Unyland,1
Urenda,1
Urh,3
Urmonas,3
Uroaevic,1
Uroda,2
Urosevic,5
Urqhart,1
Urquhart-fisher,1
Urvet,4
Usikovia,1
Usmiani,2
Uszynski,3
Uteza,1
Uthenwoldt,1
Utten,2
Utterson,1
Uu,1
Uyttenhove,2
Uzubalis,1
Vaccaro,13
Vacchiani,2
Vagner,1
Vah,1
Vahldick,1
Vaile,2
Vainui,1
Vaisey,3
Vakos,1
Vaks,1
Vakulin,1
Valadares,4
Valaris,1
Valasakis,1
Valdivia,3
Valena,2
Valentijn,1
Valentini,6
Valeriano,1
Valesic,2
Valetti,1
Valiyff,4
Valkenburg,1
Valles,1
Vallesi,1
Valmorbida,1
Valters,1
Van aardt,1
Van abkoude,1
Van acker,3
Van akker,1
Van balen,8
Van beeck,1
Van beek,5
Van ben hoogen,1
Van ben wildenderg,1
Van benpen,1
Van boekel,4
Van broekhoven,2
Van caspel,4
Van commenee,1
Van de graaff,1
Van de kamp,9
Van de maele,2
Van de rhee,1
Van de steeg,2
Van de water,9
Van den acker,1
Van den biggelaar,1
Van den boogaard,1
Van den elzen,1
Van den hoogen,7
Van den huvel,1
Van der berg,1
Van der biezen,4
Van der brink,1
Van der eyk,1
Van der hoek,16
Van der klaauw,2
Van der kloes,1
Van der klugt,2
Van der kolk,7
Van der kraan,3
Van der linde,2
Van der steege,1
Van der vlies,2
Van der vliet,2
Van dereerden,1
Van dok,5
Van doren,2
Van engelenhoven,2
Van eysden,1
Van galen,11
Van geel,3
Van gent,1
Van grinsven,1
Van groesen,4
Van hees,14
Van heythuysen,5
Van hoof,6
Van huynh,1
Van kalker,2
Van kerkwyk,1
Van kessel,4
Van keulen,7
Van konkelenberg,1
Van langenberg,1
Van lien,1
Van limbeek,4
Van lingen,1
Van maamen,1
Van maurik,1
Van meer,1
Van neutegem,3
Van niel,1
Van oostrum,3
Van poeteren,1
Van putten,2
Van reesch,3
Van reesema,1
Van reeuwyk,1
Van rensburg,2
Van roden,1
Van rossen,4
Van schie,6
Van someren graver,1
Van tholen,2
Van tuil,2
Van waardhuizen,1
Van wensveen,1
Van wijk,4
Van zalen,1
Van zanden,1
Van't hof,3
Van't hoff,1
Vanagas,2
Vanbelkom,1
Vanbrecht,1
Vande weyer,1
Vandekamp,4
Vandelaar,4
Vandelay,1
Vandenbosch,2
Vandenbroucke,1
Vandenburg,1
Vander neut,2
Vanderlink,1
Vandermolen,1
Vandersman,3
Vanderwesten,2
Vanderzwan,2
Vandevelde,1
Vandonderen,2
Vandoorn,1
Vandulkan,1
Vaneldik,1
Vanern,1
Vangelov,1
Vangils,2
Vangorp,1
Vanhaasteren,1
Vanhees,1
Vanic,1
Vaninetti,5
Vanlaatum,2
Vanmeerendonk,1
Vannarath,1
Vannetiello,1
Vanniasingham,1
Vanree,2
Vanrijthoven,1
Vanschieveen,2
Vansetten,1
Vansyl,1
Vantatenhove,2
Vanzanten,1
Varano,5
Varcoe,52
Varey,2
Varma,3
Vasilakis,2
Vasile,2
Vasilevskis,1
Vasiliev,2
Vasilj,1
Vasios,1
Vaso,1
Vass mcmaster,1
Vassal,1
Vassarotti,4
Vassiliotis,1
Vaszocz,4
Vatavuk,4
Vatchenko,2
Vatcky,1
Vatskalis,1
Vaudrey,1
Vaughan-williams,4
Vaughen,1
Vavic,4
Vaziri,1
Vazquez,2
Vearing,15
Vedigs,1
Veerhuis,5
Vegvoda,1
Vehlow,1
Veis,1
Veit,4
Velaitis,1
Veld,3
Velebit,1
Veleski,2
Velkovska,1
Vellenoweth,1
Velnaar,1
Velzeboer,1
Venable,3
Vendel,1
Venes,1
Vennus,1
Verco,74
Verdicchio,2
Verdins,1
Vereb,1
Veremchuk,1
Verhelst,1
Verho,1
Verilli,1
Verkouter,1
Vermeesch,1
Verner,21
Vernik,3
Vernis,2
Verrion,3
Verschoor,7
Versluys,2
Versteeg,18
Versteegen,5
Vesco,1
Veshner,1
Veszpeller,2
Veteri,1
Vett,3
Vettese,2
Viale,1
Viart,1
Vichie,2
Vick,17
Vickary,1
Vidakovic,5
Vidlov,1
Viec,1
Vieraitis,2
Vietmeyer,1
Viezzi,4
Viffer,1
Vig,3
Vigenser,1
Vigliotti,1
Vigneswaran,2
Vignoni-squire,1
Viira,1
Vijiaraj,2
Vikor,4
Viksna,2
Villafuerte,3
Villapini,1
Villavelez,1
Villeseche,1
Villiers,6
Vilums,1
Vimpany,10
Vinaev,5
Vincenc,1
Vincent,298
Vinten,1
Virag,11
Virant,1
Virgen,3
Virleux,1
Viro,1
Visirmidis,1
Vitarana,1
Vitasz,1
Vitkunas,4
Vitti,1
Vixon,1
Vizer,3
Vlach,1
Vlahodimos,1
Vlamos,1
Vlasich,2
Vlassopoulos,4
Vlavogelakas,1
Vlismas,1
Vlitsis,1
Voarino,1
Vodden,2
Vodic,4
Voevodov,1
Vogelpoel,3
Vogiatzi,1
Voglino,3
Voivodich,5
Vojvodic,1
Volframs,3
Volkmar,1
Vollbrecht,1
Volle,1
Volpato,6
Von blunendals,1
Von hoist,1
Von holst,1
Von krusenstierna,1
Von wasserling,1
Vonbibra,3
Voorendt,2
Vorakoumame,1
Voroniansky,3
Vorrasi,19
Vorstenbosch,3
Voskulen,3
Vosper,3
Vostatek,2
Voulgarakis,3
Voulgaridis,1
Vounasis,2
Vown,1
Voy,4
Vrettis,4
Vreugdemburg,1
Vreugdenburg,8
Vreugdenhil,3
Vrlic,3
Vroegop,2
Vrolyks,1
Vujicic,1
Vukelic,2
Vultiani,1
Vurneski,1
Vurovecz,1
Vyden,2
Waal,2
Wable,1
Wache,2
Wachla,4
Wackrow,1
Wagenknetht,1
Wagley,1
Wagnitz,12
Wah,3
Wahlstedt,9
Waianga,1
Wairoa,1
Wajcman,1
Wakerell,3
Walch,24
Waldhauser,3
Waldhein,1
Walhane,1
Walkenhorst,1
Walkey,2
Walkington,21
Walkley,71
Walla,2
Wallace-carter,1
Wallbridge-yost,1
Wallent,9
Waller,163
Walley,10
Wallin,6
Walls,41
Wallworth,1
Walpole,23
Walraven,3
Waltke,4
Waltrowicz,2
Wanago,1
Wanambi,8
Wanatjura,1
Wandell,4
Wanders,10
Wane,1
Wang,115
Wangel,3
Wangka,1
Wapper,13
Wapshot,1
Warboys,2
Warbroek,5
Ward-lohmeyer,1
Warde,8
Wardle,84
Warendorf,3
Warjo,1
Warmingham,1
Warneke,23
Warnett,7
Warnock,42
Warrior,15
Warsap,1
Warth,2
Warusevitane,3
Warzoniski,1
Washbrook,1
Wasley,44
Wasser,5
Wasserfall,1
Wassmann,1
Wassom,1
Wasson,7
Wastell,24
Wasteneys,1
Watanabe,2
Watanaverapong,1
Waterfall,1
Waterlander,1
Waterlow,2
Waterston,2
Watkin,12
Watkinf,1
Watkins-lyall,2
Watmough,3
Watts-endresz,1
Wauchop,3
Wauhop,1
Wawrzycki,1
Wayehill,1
Waygood,1
Wazlawek,2
Wearden,1
Weare,6
Weate,5
Weatherhill,1
Weavell,7
Weaver,152
Webb,1047
Webester,1
Weckenmann,1
Wedmaier,2
Weedar,1
Weelius,2
Weerakkody,3
Weetra,25
Wegemer,1
Wegman,14
Wehner,3
Wehr,36
Wehrmuller,1
Weidenbach,15
Weidenhofer,27
Weidenhoffer,2
Weiller,2
Wein-smith,1
Weir-modem,1
Weiser,2
Welks,1
Wellburn,1
Weller,95
Weltman,6
Weluk,1
Weniton,5
Wenitong,1
Wenmam,1
Went,17
Werk,1
Werneburg,2
Werrey,4
Werts,2
Wesener,1
Wesley-smith,6
Wesney,3
Wessel,4
Wessthorp,1
Westacott,4
Westbrook,70
Westenraad,1
Westerbeek,3
Westergaard,3
Westerholm,4
Westermann,3
Westfield,1
Westhorp,3
Westlry,1
Westte,2
Wetherington,1
Wettels,1
Wetzel,2
Wevill,4
Wewzow,1
Wex,3
Weymar,2
Whaipe,1
Whait,9
Whale,11
Whallin,4
Whamond,4
Wharmby,4
Whatford,1
Whatling,7
Whatman,13
Whatmore,1
Whatt,1
Wheatley,130
Wheldale,2
Whetham,3
Whetstone,14
Whetton,4
Whillas,34
Whinfield,3
Whishaw,3
Whisson,16
Whitbourne,2
Whitbrerd,1
White,2399
Whiteley,84
Whiteread,2
Whiterod,1
Whitesman,3
Whiteway,17
Whithear,3
Whitsitt,5
Whitters,14
Whittlesis,1
Whorlow,1
Whymark,1
Wiaczek,1
Wickel,3
Wickramanayake,1
Wickramasinghe,1
Widdowson,38
Widdup,3
Widera,2
Widerkehr,1
Wiechec,5
Wieffering,1
Wiegold,4
Wieloch,3
Wiemann,4
Wiemers,3
Wierda,5
Wiggan,1
Wijedasa,1
Wijeratne,3
Wijesurendre,1
Wijesuriya,1
Wilcockson,3
Wilczek,14
Wilde,79
Wiley-smith,1
Wilfredo,1
Wilgar,1
Wilhelmsson,2
Wilkey,49
Wilkie-snow,1
Wilkins,255
Wilkonson,1
Willanski,2
Willding,2
Willering,5
Willes,12
Williamson-cameron,3
Willing,55
Willmot,14
Willmoth,3
Willoughby-smith,1
Willowhite,2
Willsford,2
Wilshire,4
Wilson-haffenden,3
Wilson-wheeler,2
Wilzen,1
Wimbush,4
Wimmer,14
Wimmler,1
Wimpenny,3
Win,2
Winckle,1
Windmill,2
Windross,3
Windus,1
Windy,1
Winem,1
Winfield,34
Wingate,12
Winger,2
Winiarz,1
Winnall,10
Winnel,1
Winnett,6
Winny,1
Winsome,1
Winterlich,1
Winterton,5
Wintrop,1
Wintulich,7
Winwood-smith,2
Wirsu,3
Wirthersohn,1
Wisby,27
Wiseman,139
Wisowaty,2
Wisterand,1
Wiszniak,1
Witehira,1
Witherington,5
Withinshaw,1
Withrington,2
Witkin,5
Wittchen,4
Wittern,2
Witthoeft,4
Wittrock,1
Witty,20
Woffenden,1
Wogandt,2
Wohltmann,3
Wojciak,2
Wojciechowski,11
Wojtal,1
Wojtyna,2
Wolfenden,13
Wolffs,1
Wolms,1
Woloczij,1
Wolss,1
Womack,3
Wonderley,1
Wood-bradley,2
Woodbury,19
Woodford-smith,1
Woodlock,7
Woodmansee,2
Woods-trezise,1
Woodstock,3
Woofe,2
Wooldridge-curtis,1
Wooley,33
Woolger,3
Woollaston,3
Woolrich,1
Worgan,5
Worm,4
Worony,2
Worre,1
Worsey,1
Worsley,49
Worthington-eyre,6
Wortlehock,2
Wortmeyer,5
Wottke,1
Wotton,37
Woulman,1
Wraight,14
Wreford,17
Wressell,2
Wrighte,1
Writer,6
Wrobiewski,1
Wrzosek,1
Wsolak,1
Wuchatsch,1
Wucherpfenning,1
Wujda,3
Wur,1
Wurlod,2
Wurm,13
Wurmburdang,1
Wurranwilya,1
Wydra,1
Wyeth,5
Wykmans,2
Wylder,1
Wyllie,62
Wynne,54
Wyskamp,2
Wytkin,10
Xepapas,4
Xerri,3
Xiaodong,1
Xie,6
Xiong,11
Xoing,1
Yacoub,2
Yakubu,1
Yallop,6
Yalumul,1
Yanagawa,1
Yani,1
Yannakoudis,1
Yannelis,2
Yannopoulos,3
Yanny,3
Yappa,1
Yaroslavseff,2
Yaser,2
Yassine,1
Yasuta,1
Yatarrnta,1
Yeap,2
Yeatmin,1
Yee,18
Yelds,3
Yellup,1
Yen,16
Yenni,1
Yeoman,19
Yerrell,3
Yialas,3
Yiannoulis,3
Ylor,1
Yoder,1
Yogarajan,1
Yoon,9
Yoshimura,1
Yost,27
Yotong,1
Youay,1
Youde,2
Youngs,7
Yrdaw,1
Yu,34
Yun,4
Yunupingu,6
Yusoph,2
Yvanovich,4
Zabel,2
Zabiegala,1
Zablocki,1
Zaborowski,1
Zacharioglou,1
Zaffina,1
Zaffino,1
Zafiropoulos,4
Zagal,1
Zaganjori,1
Zagar,8
Zagorski,1
Zaharogiannis,3
Zaikos,1
Zaimis,1
Zajaczkowski,3
Zajkovic,1
Zakharchenko,1
Zalan,1
Zalotockyj,1
Zaltron,13
Zaluski,9
Zamaro,1
Zandstra,1
Zanelli,2
Zanesco,2
Zaneti,2
Zangl,2
Zani,3
Zank,1
Zapotocky,2
Zappulla,2
Zarei bashnian,1
Zaremba,2
Zarevac,3
Zaric,2
Zarka,1
Zarkovic,5
Zarney,1
Zaroufis,1
Zarrinkalam,2
Zatorski,5
Zawadzki,4
Zawistowski,1
Zazula,1
Zbierski,27
Zbucki,1
Zdanowicz,4
Zdebelak,1
Zdziarski,1
Zealley,4
Zecchini,6
Zeck,2
Zehetner,1
Zeicnan,1
Zeitzen-van der burg,1
Zejfert,2
Zejnic,2
Zelesco,3
Zelisko,2
Zell,1
Zellmer,2
Zemanovic,1
Zemlicka,1
Zendili,1
Zenkteller,1
Zepina,2
Zerjal-mellor,2
Zessack,1
Zhang-hu,1
Zhe,2
Zheng,19
Zia,1
Ziaian,1
Zibar,6
Ziedas,2
Zielinsaki,1
Zierholz,3
Ziersch,50
Zilifian,1
Zilm,66
Zimic,1
Zimmermann,86
Zimon,2
Zingarelli,1
Ziomek,2
Zirkzee,1
Ziswiler,1
Zivkov,3
Zlatkovic,2
Zlotkowski,1
Zoanetti,18
Zobonos,1
Zoch,1
Zogopoulos,6
Zokalj,3
Zolotariova,1
Zolotic,1
Zolyniak,5
Zomer,3
Zong,1
Zoontjens,7
Zordan,5
Zorin,2
Zosnes,1
Zou,1
Zoughi,1
Zubreckyj,3
Zubrinick,1
Zubrzycki,2
Zulkefli,1
Zur,1
Zuraszek,1
Zurawell,1
Zutaut,1
Zwald,1
Zwanns,1
Zweifel,1
Zwick,2
Zwillenberg,1
Zyczko,1
Zyga,1
